PG.ProteinDescriptions,protein,Gene_Symbol_Alix
PREDICTED: uncharacterized protein LOC104072549, UNCHARACTERIZED PROTEIN LOC104072549,
"Alpha-2-macroglobulin, partial",ALPHA-2-MACROGLOBULIN,A2M
"Alpha-2-macroglobulin, partial",ALPHA-2-MACROGLOBULIN,A2M
"Alpha-2-macroglobulin-like 1, partial",ALPHA-2-MACROGLOBULIN-LIKE 1,A2M
PREDICTED: LOW QUALITY PROTEIN: alpha-2-macroglobulin-like protein 1, ALPHA-2-MACROGLOBULIN-LIKE PROTEIN 1,A2ML1
PREDICTED: alpha-2-macroglobulin-like protein 1, ALPHA-2-MACROGLOBULIN-LIKE PROTEIN 1,A2ML1
"Alpha-aminoadipic semialdehyde dehydrogenase, partial;PREDICTED: alpha-aminoadipic semialdehyde dehydrogenase, partial",ALPHA-AMINOADIPIC SEMIALDEHYDE DEHYDROGENASE,AASDH
"PREDICTED: target of Nesh-SH3-like, partial", TARGET OF NESH-SH3-LIKE,AB13BP
"PREDICTED: target of Nesh-SH3-like, partial", TARGET OF NESH-SH3-LIKE,AB13BP
"PREDICTED: target of Nesh-SH3-like, partial", TARGET OF NESH-SH3-LIKE,AB13BP
PREDICTED: costars family protein ABRACL, COSTARS FAMILY PROTEIN ABRACL,ABRACL
"Acetyl-CoA acetyltransferase, cytosolic, partial;PREDICTED: acetyl-CoA acetyltransferase, cytosolic",ACETYL-COA ACETYLTRANSFERASE CYTOSOLIC,ACAT2
Cytoplasmic aconitate hydratase;PREDICTED: cytoplasmic aconitate hydratase,CYTOPLASMIC ACONITATE HYDRATASE,ACO1
"Low molecular weight phosphotyrosine protein phosphatase, partial",LOW MOLECULAR WEIGHT PHOSPHOTYROSINE PROTEIN PHOSPHATASE,ACP1
"Actin, alpha skeletal muscle, partial",ACTIN ALPHA SKELETAL MUSCLE,ACTA1
"Actin, aortic smooth muscle;PREDICTED: actin, aortic smooth muscle isoform X1",ACTIN AORTIC SMOOTH MUSCLE,ACTA2
"Actin, cytoplasmic 1, partial",ACTIN CYTOPLASMIC 1,ACTG1
PREDICTED: alpha-actinin-1 isoform X1;PREDICTED: alpha-actinin-1 isoform X2, ALPHA-ACTININ-1 ISOFORM X1,ACTN1
"Alpha-actinin-2, partial",ALPHA-ACTININ-2,ACTN2
"PREDICTED: alpha-actinin-4-like, partial", ALPHA-ACTININ-4-LIKE,ACTN4
"PREDICTED: alpha-actinin-4-like, partial", ALPHA-ACTININ-4-LIKE,ACTN4
"Actin-related protein 3B, partial;Actin-related protein 3, partial;PREDICTED: actin-related protein 3, partial;PREDICTED: actin-related protein 3B, partial",ACTIN-RELATED PROTEIN 3B,ACTR3B
"PREDICTED: LOW QUALITY PROTEIN: aminoacylase-1, partial", AMINOACYLASE-1,ACY1
PREDICTED: A disintegrin and metalloproteinase with thrombospondin motifs 13, A DISINTEGRIN AND METALLOPROTEINASE WITH THROMBOSPONDIN MOTIFS 13,ADAMTS13
"putative G-protein coupled receptor 116, partial;PREDICTED: probable G-protein coupled receptor 116",PUTATIVE G-PROTEIN COUPLED RECEPTOR 116,ADGRF5
"G-protein coupled receptor 56, partial;PREDICTED: G-protein coupled receptor 56, partial",G-PROTEIN COUPLED RECEPTOR 56,ADGRG1
"G-protein coupled receptor 126, partial;PREDICTED: G-protein coupled receptor 126, partial",G-PROTEIN COUPLED RECEPTOR 126,ADGRG6
Alcohol dehydrogenase;PREDICTED: LOW QUALITY PROTEIN: alcohol dehydrogenase,ALCOHOL DEHYDROGENASE,ADH
"Alcohol dehydrogenase 1, partial;PREDICTED: alcohol dehydrogenase 1, partial",ALCOHOL DEHYDROGENASE 1,ADH1
"Alcohol dehydrogenase class-3, partial;PREDICTED: LOW QUALITY PROTEIN: alcohol dehydrogenase class-3-like, partial",ALCOHOL DEHYDROGENASE CLASS-3,ADH5
"Adiponectin, partial;PREDICTED: adiponectin",ADIPONECTIN,ADIPOQ
"PREDICTED: adenosine kinase, partial", ADENOSINE KINASE,ADK
"Adenylosuccinate lyase, partial;PREDICTED: adenylosuccinate lyase, partial",ADENYLOSUCCINATE LYASE,ADSL
"Adenylosuccinate synthetase isozyme 1, partial;PREDICTED: adenylosuccinate synthetase isozyme 1, partial",ADENYLOSUCCINATE SYNTHETASE ISOZYME 1,ADSS1
"N(4)-(beta-N-acetylglucosaminyl)-L-asparaginase, partial;PREDICTED: N(4)-(beta-N-acetylglucosaminyl)-L-asparaginase, partial",N(4)-(BETA-N-ACETYLGLUCOSAMINYL)-L-ASPARAGINASE,AGA
PREDICTED: LOW QUALITY PROTEIN: protein argonaute-2, PROTEIN ARGONAUTE-2,AGO2
"PREDICTED: alpha-1-acid glycoprotein 8-like, partial", ALPHA-1-ACID GLYCOPROTEIN 8-LIKE,AGP
"Agrin, partial;PREDICTED: agrin, partial",AGRIN,AGRN
"Angiotensinogen, partial;PREDICTED: angiotensinogen",ANGIOTENSINOGEN,AGT
"Adenosylhomocysteinase A, partial;PREDICTED: adenosylhomocysteinase",ADENOSYLHOMOCYSTEINASE A,AHCY
"Neuroblast differentiation-associated protein AHNAK, partial;PREDICTED: LOW QUALITY PROTEIN: neuroblast differentiation-associated protein AHNAK-like, partial",NEUROBLAST DIFFERENTIATION-ASSOCIATED PROTEIN AHNAK,AHNAK
PREDICTED: alpha-2-HS-glycoprotein, ALPHA-2-HS-GLYCOPROTEIN,AHSG
"PREDICTED: adenylate kinase isoenzyme 1, partial", ADENYLATE KINASE ISOENZYME 1,AK1
"PREDICTED: adenylate kinase 2, mitochondrial", ADENYLATE KINASE 2 MITOCHONDRIAL,AK2
"Aldose reductase, partial;PREDICTED: aldose reductase-like, partial",ALDOSE REDUCTASE,AKR1B1
"Aldo-keto reductase family 1 member B10, partial;PREDICTED: aldose reductase-like, partial",ALDO-KETO REDUCTASE FAMILY 1 MEMBER B10,AKR1B10
"3-oxo-5-beta-steroid 4-dehydrogenase, partial;PREDICTED: 3-oxo-5-beta-steroid 4-dehydrogenase-like",3-OXO-5-BETA-STEROID 4-DEHYDROGENASE,AKR1D1
"Aflatoxin B1 aldehyde reductase member 2, partial;PREDICTED: aflatoxin B1 aldehyde reductase member 2-like, partial",AFLATOXIN B1 ALDEHYDE REDUCTASE MEMBER 2,AKR7A3
"Delta-aminolevulinic acid dehydratase, partial;PREDICTED: delta-aminolevulinic acid dehydratase, partial",DELTA-AMINOLEVULINIC ACID DEHYDRATASE,ALAD
PREDICTED: LOW QUALITY PROTEIN: serum albumin-like, SERUM ALBUMIN-LIKE,ALB
PREDICTED: CD166 antigen-like, CD166 ANTIGEN-LIKE,ALCAM
"CD166 antigen, partial;PREDICTED: CD166 antigen, partial",CD166 ANTIGEN,ALCAM
"Mitochondrial 10-formyltetrahydrofolate dehydrogenase, partial;PREDICTED: mitochondrial 10-formyltetrahydrofolate dehydrogenase",MITOCHONDRIAL 10-FORMYLTETRAHYDROFOLATE DEHYDROGENASE,ALDH1L2
"4-trimethylaminobutyraldehyde dehydrogenase, partial;PREDICTED: 4-trimethylaminobutyraldehyde dehydrogenase",4-TRIMETHYLAMINOBUTYRALDEHYDE DEHYDROGENASE,ALDH9A1
Fructose-bisphosphate aldolase B;PREDICTED: fructose-bisphosphate aldolase B,FRUCTOSE-BISPHOSPHATE ALDOLASE B,ALDOB
"PREDICTED: fructose-bisphosphate aldolase C, partial", FRUCTOSE-BISPHOSPHATE ALDOLASE C,ALDOC
"PREDICTED: intestinal-type alkaline phosphatase-like, partial", INTESTINAL-TYPE ALKALINE PHOSPHATASE-LIKE,ALPI
"AMP deaminase 3, partial;PREDICTED: AMP deaminase 3 isoform X1;PREDICTED: AMP deaminase 3 isoform X2",AMP DEAMINASE 3,AMPD3
"PREDICTED: pancreatic alpha-amylase-like, partial", PANCREATIC ALPHA-AMYLASE-LIKE,AMY1A
"Pancreatic alpha-amylase, partial;PREDICTED: pancreatic alpha-amylase-like, partial",PANCREATIC ALPHA-AMYLASE,AMY2A
"Angiopoietin-related protein 3, partial;PREDICTED: angiopoietin-related protein 3",ANGIOPOIETIN-RELATED PROTEIN 3,ANGPTL3
"Acidic leucine-rich nuclear phosphoprotein 32 family member E, partial;PREDICTED: acidic leucine-rich nuclear phosphoprotein 32 family member E isoform X1",ACIDIC LEUCINE-RICH NUCLEAR PHOSPHOPROTEIN 32 FAMILY MEMBER E,ANP32E
"PREDICTED: anthrax toxin receptor 1, partial", ANTHRAX TOXIN RECEPTOR 1,ANTXR1
"Anthrax toxin receptor 1, partial;PREDICTED: anthrax toxin receptor 1-like",ANTHRAX TOXIN RECEPTOR 1,ANTXR1
PREDICTED: anthrax toxin receptor 2, ANTHRAX TOXIN RECEPTOR 2,ANTXR2
"Annexin A11, partial;PREDICTED: annexin A11 isoform X1;PREDICTED: annexin A11 isoform X2",ANNEXIN A11,ANXA11
"Annexin A2, partial;PREDICTED: annexin A2, partial",ANNEXIN A2,ANXA2
"Annexin A5, partial;PREDICTED: annexin A5, partial",ANNEXIN A5,ANXA5
"Annexin A6, partial;PREDICTED: annexin A6",ANNEXIN A6,ANXA6
"PREDICTED: acyloxyacyl hydrolase-like, partial", ACYLOXYACYL HYDROLASE-LIKE,AOAH
PREDICTED: AP-2 complex subunit mu isoform X1;PREDICTED: AP-2 complex subunit mu isoform X2;PREDICTED: AP-2 complex subunit mu isoform X3;PREDICTED: AP-2 complex subunit mu isoform X4, AP-2 COMPLEX SUBUNIT MU ISOFORM X1,AP2A1
PREDICTED: LOW QUALITY PROTEIN: apolipoprotein B-100-like, APOLIPOPROTEIN B-100-LIKE,APOB
Apolipoprotein D;PREDICTED: apolipoprotein D,APOLIPOPROTEIN D,APOD
"Adenine phosphoribosyltransferase, partial;PREDICTED: adenine phosphoribosyltransferase, partial",ADENINE PHOSPHORIBOSYLTRANSFERASE,APRT
"Amidophosphoribosyltransferase, partial",AMIDOPHOSPHORIBOSYLTRANSFERASE,APRT
Aquaporin-3;PREDICTED: aquaporin-3,AQUAPORIN-3,AQP3
PREDICTED: ADP-ribosylation factor 1, ADP-RIBOSYLATION FACTOR 1,ARF1
PREDICTED: LOW QUALITY PROTEIN: rho GTPase-activating protein 31-like, RHO GTPASE-ACTIVATING PROTEIN 31-LIKE,ARHGAP31
Rho GDP-dissociation inhibitor 1;PREDICTED: rho GDP-dissociation inhibitor 1 isoform X1,RHO GDP-DISSOCIATION INHIBITOR 1,ARHGDIA
"Rho GDP-dissociation inhibitor 2, partial;PREDICTED: rho GDP-dissociation inhibitor 2 isoform X1",RHO GDP-DISSOCIATION INHIBITOR 2,ARHGDIB
"Actin-related protein 2/3 complex subunit 2, partial;PREDICTED: actin-related protein 2/3 complex subunit 2, partial",ACTIN-RELATED PROTEIN 23 COMPLEX SUBUNIT 2,ARPC2
"Actin-related protein 2/3 complex subunit 3, partial;PREDICTED: actin-related protein 2/3 complex subunit 3",ACTIN-RELATED PROTEIN 23 COMPLEX SUBUNIT 3,ARPC3
"Actin-related protein 2/3 complex subunit 5, partial;PREDICTED: actin-related protein 2/3 complex subunit 5, partial",ACTIN-RELATED PROTEIN 23 COMPLEX SUBUNIT 5,ARPC5
"PREDICTED: LOW QUALITY PROTEIN: actin-related protein 2/3 complex subunit 4-like, partial", ACTIN-RELATED PROTEIN 23 COMPLEX SUBUNIT 4-LIKE,ARPC5L
"Beta-arrestin-1, partial;PREDICTED: arrestin-C-like",BETA-ARRESTIN-1,ARRB1
"Acid ceramidase, partial;PREDICTED: acid ceramidase",ACID CERAMIDASE,ASAH1
"PREDICTED: V-type proton ATPase catalytic subunit A-like, partial", V-TYPE PROTON ATPASE CATALYTIC SUBUNIT A-LIKE,ATP6V1A
PREDICTED: axonemal dynein light chain domain-containing protein 1, AXONEMAL DYNEIN LIGHT CHAIN DOMAIN-CONTAINING PROTEIN 1,AXDND1
PREDICTED: beta-2-glycoprotein 1-like, BETA-2-GLYCOPROTEIN 1-LIKE,B2GP1
"Beta-2-microglobulin, partial;PREDICTED: beta-2-microglobulin, partial",BETA-2-MICROGLOBULIN,B2M
"Beta-1,4-galactosyltransferase 1, partial;PREDICTED: LOW QUALITY PROTEIN: beta-1,4-galactosyltransferase 1, partial",BETA-14-GALACTOSYLTRANSFERASE 1,B4GALT1
"Bardet-Biedl syndrome 10 protein, partial;PREDICTED: Bardet-Biedl syndrome 10 protein, partial",BARDET-BIEDL SYNDROME 10 PROTEIN,BBS10
"Branched-chain-amino-acid aminotransferase, cytosolic, partial;PREDICTED: branched-chain-amino-acid aminotransferase, cytosolic, partial",BRANCHED-CHAIN-AMINO-ACID AMINOTRANSFERASE CYTOSOLIC,BCAT1
PREDICTED: cholinesterase, CHOLINESTERASE,BCHE
"Cholinesterase, partial",CHOLINESTERASE,BCHE
"PREDICTED: BDNF/NT-3 growth factors receptor, partial", BDNFNT-3 GROWTH FACTORS RECEPTOR,BDNF
"Betaine--homocysteine S-methyltransferase 1, partial;PREDICTED: betaine--homocysteine S-methyltransferase 1, partial",BETAINE--HOMOCYSTEINE S-METHYLTRANSFERASE 1,BHMT
"BH3-interacting domain death agonist, partial;PREDICTED: BH3-interacting domain death agonist, partial",BH3-INTERACTING DOMAIN DEATH AGONIST,BID
"Bleomycin hydrolase, partial;PREDICTED: bleomycin hydrolase, partial",BLEOMYCIN HYDROLASE,BLMH
"Biliverdin reductase A, partial;PREDICTED: biliverdin reductase A",BILIVERDIN REDUCTASE A,BLVRA
"PREDICTED: bactericidal permeability-increasing protein-like, partial", BACTERICIDAL PERMEABILITY-INCREASING PROTEIN-LIKE,BPI
PREDICTED: biotinidase, BIOTINIDASE,BTD
"C1GALT1-specific chaperone 1, partial;PREDICTED: C1GALT1-specific chaperone 1",C1GALT1-SPECIFIC CHAPERONE 1,C1GALT1C1
"PREDICTED: complement C1q subcomponent subunit A, partial", COMPLEMENT C1Q SUBCOMPONENT SUBUNIT A,C1QA
"PREDICTED: complement C1q subcomponent subunit B, partial", COMPLEMENT C1Q SUBCOMPONENT SUBUNIT B,C1QB
PREDICTED: complement C1q subcomponent subunit C, COMPLEMENT C1Q SUBCOMPONENT SUBUNIT C,C1QC
PREDICTED: complement C1q tumor necrosis factor-related protein 3 isoform X1, COMPLEMENT C1Q TUMOR NECROSIS FACTOR-RELATED PROTEIN 3 ISOFORM X1,C1QTNF3
"Complement C1q and tumor necrosis factor-related protein 9A, partial;PREDICTED: complement C1q and tumor necrosis factor-related protein 9A-like",COMPLEMENT C1Q AND TUMOR NECROSIS FACTOR-RELATED PROTEIN 9A,C1QTNK9
"Complement C1r subcomponent, partial;PREDICTED: complement C1r subcomponent, partial",COMPLEMENT C1R SUBCOMPONENT,C1R
PREDICTED: complement C1s subcomponent, COMPLEMENT C1S SUBCOMPONENT,C1S
"PREDICTED: complement C3, partial", COMPLEMENT C3,C3
"Complement C5, partial;PREDICTED: complement C5",COMPLEMENT C5,C5
PREDICTED: complement component C6-like, COMPLEMENT COMPONENT C6-LIKE,C6
"Complement component C6, partial;PREDICTED: complement component C6, partial",COMPLEMENT COMPONENT C6,C6
"PREDICTED: complement component C7-like, partial", COMPLEMENT COMPONENT C7-LIKE,C7
PREDICTED: complement component C7-like, COMPLEMENT COMPONENT C7-LIKE,C7
"Complement component C7, partial;PREDICTED: LOW QUALITY PROTEIN: complement component C7, partial",COMPLEMENT COMPONENT C7,C7
"Complement component C8 alpha chain, partial;PREDICTED: complement component C8 alpha chain, partial",COMPLEMENT COMPONENT C8 ALPHA CHAIN,C8A
"PREDICTED: complement component C8 beta chain-like, partial", COMPLEMENT COMPONENT C8 BETA CHAIN-LIKE,C8B
"Complement component C8 beta chain, partial;PREDICTED: complement component C8 beta chain, partial",COMPLEMENT COMPONENT C8 BETA CHAIN,C8B
"Complement component C9, partial;PREDICTED: complement component C9",COMPLEMENT COMPONENT C9,C9
"Carbonic anhydrase 2, partial",CARBONIC ANHYDRASE 2,CA2
"Carbonic anhydrase 3, partial;PREDICTED: carbonic anhydrase 3",CARBONIC ANHYDRASE 3,CA3
"Voltage-dependent calcium channel subunit alpha-2/delta-1, partial;PREDICTED: voltage-dependent calcium channel subunit alpha-2/delta-1, partial",VOLTAGE-DEPENDENT CALCIUM CHANNEL SUBUNIT ALPHA-2DELTA-1,CACNA2D1
"PREDICTED: cell adhesion molecule 1, partial", CELL ADHESION MOLECULE 1,CADM1
"Calmodulin, partial;PREDICTED: calmodulin-alpha-like, partial",CALMODULIN,CALM1
"Calmodulin, partial;PREDICTED: calmodulin",CALMODULIN,CALM1
"Cullin-associated NEDD8-dissociated protein 1, partial;PREDICTED: cullin-associated NEDD8-dissociated protein 1, partial",CULLIN-ASSOCIATED NEDD8-DISSOCIATED PROTEIN 1,CAND1
PREDICTED: LOW QUALITY PROTEIN: calnexin-like, CALNEXIN-LIKE,CANX
PREDICTED: adenylyl cyclase-associated protein 1, ADENYLYL CYCLASE-ASSOCIATED PROTEIN 1,CAP1
"Calpain-1 catalytic subunit, partial;PREDICTED: LOW QUALITY PROTEIN: calpain-1 catalytic subunit-like, partial",CALPAIN-1 CATALYTIC SUBUNIT,CAPN1
"F-actin-capping protein subunit alpha-2, partial;PREDICTED: LOW QUALITY PROTEIN: F-actin-capping protein subunit alpha-2-like",F-ACTIN-CAPPING PROTEIN SUBUNIT ALPHA-2,CAPZA2
"F-actin-capping protein subunit beta, partial;PREDICTED: F-actin-capping protein subunit beta, partial",F-ACTIN-CAPPING PROTEIN SUBUNIT BETA,CAPZB
"Protein CASC4, partial;PREDICTED: protein CASC4, partial",PROTEIN CASC4,GOLM2
Carbonyl reductase;PREDICTED: carbonyl reductase,CARBONYL REDUCTASE,CBR1
Carbonyl reductase;PREDICTED: carbonyl reductase,CARBONYL REDUCTASE,CBR1
"Coiled-coil domain-containing protein 78, partial;PREDICTED: coiled-coil domain-containing protein 78",COILED-COIL DOMAIN-CONTAINING PROTEIN 78,CCDC78
"C-C motif chemokine 4, partial",C-C MOTIF CHEMOKINE 4,CCL4
"T-complex protein 1 subunit beta, partial",T-COMPLEX PROTEIN 1 SUBUNIT BETA,CCT2
"PREDICTED: T-complex protein 1 subunit gamma, partial", T-COMPLEX PROTEIN 1 SUBUNIT GAMMA,CCT3
"T-complex protein 1 subunit delta, partial;PREDICTED: T-complex protein 1 subunit delta, partial",T-COMPLEX PROTEIN 1 SUBUNIT DELTA,CCT4
"T-complex protein 1 subunit zeta, partial;PREDICTED: T-complex protein 1 subunit zeta, partial",T-COMPLEX PROTEIN 1 SUBUNIT ZETA,CCT6A
"CD109 antigen, partial;PREDICTED: CD109 antigen, partial",CD109 ANTIGEN,CD109
"PREDICTED: LOW QUALITY PROTEIN: hematopoietic progenitor cell antigen CD34, partial", HEMATOPOIETIC PROGENITOR CELL ANTIGEN CD34,CD34
"CD44 antigen, partial;PREDICTED: CD44 antigen-like",CD44 ANTIGEN,CD44
"Complement decay-accelerating factor, partial",COMPLEMENT DECAY-ACCELERATING FACTOR,CD55
"HLA class II histocompatibility antigen gamma chain, partial;PREDICTED: HLA class II histocompatibility antigen gamma chain",HLA CLASS II HISTOCOMPATIBILITY ANTIGEN GAMMA CHAIN,CD74
"PREDICTED: LOW QUALITY PROTEIN: T-cell surface protein tactile, partial", T-CELL SURFACE PROTEIN TACTILE,CD96
"PREDICTED: CD99 antigen, partial", CD99 ANTIGEN,CD99
PREDICTED: cell division control protein 42 homolog isoform X1, CELL DIVISION CONTROL PROTEIN 42 HOMOLOG ISOFORM X1,CDC42
"Cadherin-11, partial;PREDICTED: cadherin-11, partial",CADHERIN-11,CDH11
PREDICTED: cadherin-13-like, CADHERIN-13-LIKE,CDH13
"PREDICTED: cadherin-1-like, partial", CADHERIN-1-LIKE,CDH13
"Cadherin-13, partial",CADHERIN-13,CDH13
"Cadherin-17, partial;PREDICTED: cadherin-17",CADHERIN-17,CDH17
"Cadherin-2, partial;PREDICTED: cadherin-2",CADHERIN-2,CDH2
"Cadherin-5, partial;PREDICTED: cadherin-5 {ECO:0000250|UniProtKB:P33151}, partial",CADHERIN-5,CDH5
"Centromere protein P, partial;PREDICTED: centromere protein P-like",CENTROMERE PROTEIN P,CENPP
Cholesteryl ester transfer protein;PREDICTED: cholesteryl ester transfer protein,CHOLESTERYL ESTER TRANSFER PROTEIN,CETP
"PREDICTED: complement factor H-like, partial", COMPLEMENT FACTOR H-LIKE,CFH
PREDICTED: complement factor I, COMPLEMENT FACTOR I,CFI
"Cofilin-2, partial;PREDICTED: cofilin-2",COFILIN-2,CFL2
"Chondroadherin, partial;PREDICTED: chondroadherin;PREDICTED: chondroadherin",CHONDROADHERIN,CHAD
"PREDICTED: cadherin-5 {ECO:0000250|UniProtKB:P33151}-like, partial", CADHERIN-5 -LIKE,CHD5
"Secretogranin-1, partial;PREDICTED: secretogranin-1, partial",SECRETOGRANIN-1,CHGB
"Acidic mammalian chitinase, partial;PREDICTED: acidic mammalian chitinase",ACIDIC MAMMALIAN CHITINASE,CHIA
PREDICTED: creatine kinase B-type isoform X1, CREATINE KINASE B-TYPE ISOFORM X1,CKB
PREDICTED: creatine kinase B-type isoform X2, CREATINE KINASE B-TYPE ISOFORM X2,CKB
"PREDICTED: creatine kinase U-type, mitochondrial, partial", CREATINE KINASE U-TYPE MITOCHONDRIAL,CKMT1A
PREDICTED: tetranectin, TETRANECTIN,CLEC3B
"PREDICTED: chloride intracellular channel protein 2-like, partial", CHLORIDE INTRACELLULAR CHANNEL PROTEIN 2-LIKE,CLIC2
"Chloride intracellular channel protein 6, partial;PREDICTED: chloride intracellular channel protein 6-like",CHLORIDE INTRACELLULAR CHANNEL PROTEIN 6,CLIC6
"UMP-CMP kinase, partial;PREDICTED: UMP-CMP kinase",UMP-CMP KINASE,CMPK1
PREDICTED: cytosolic non-specific dipeptidase isoform X1, CYTOSOLIC NON-SPECIFIC DIPEPTIDASE ISOFORM X1,CNDP2
"Leukocyte cell-derived chemotaxin 1, partial;PREDICTED: leukocyte cell-derived chemotaxin 1, partial",LEUKOCYTE CELL-DERIVED CHEMOTAXIN 1,CNMD
"Ciliary neurotrophic factor receptor subunit alpha, partial;PREDICTED: ciliary neurotrophic factor receptor subunit alpha, partial",CILIARY NEUROTROPHIC FACTOR RECEPTOR SUBUNIT ALPHA,CNTFR
"Contactin-1, partial;PREDICTED: LOW QUALITY PROTEIN: contactin-1",CONTACTIN-1,CNTN1
"Contactin-2, partial;PREDICTED: contactin-2",CONTACTIN-2,CNTN2
"Collagen alpha-1(X) chain, partial;PREDICTED: collagen alpha-1(X) chain, partial",COLLAGEN ALPHA-1(X) CHAIN,COL10A1
PREDICTED: collagen alpha-1(XII) chain, COLLAGEN ALPHA-1(XII) CHAIN,COL12A1
"Collagen alpha-1(XII) chain, partial;PREDICTED: collagen alpha-1(XII) chain-like, partial",COLLAGEN ALPHA-1(XII) CHAIN,COL12A1
"PREDICTED: collagen alpha-1(XVIII) chain-like, partial", COLLAGEN ALPHA-1(XVIII) CHAIN-LIKE,COL13A1
"PREDICTED: LOW QUALITY PROTEIN: collagen alpha-1(I) chain-like, partial", COLLAGEN ALPHA-1(I) CHAIN-LIKE,COL1A1
"Collagen alpha-1(II) chain, partial;PREDICTED: collagen alpha-1(III) chain, partial",COLLAGEN ALPHA-1(II) CHAIN,COL2A1 
"PREDICTED: collagen alpha-1(V) chain-like, partial", COLLAGEN ALPHA-1(V) CHAIN-LIKE,COL5A1
"Collagen alpha-1(VI) chain, partial;PREDICTED: collagen alpha-1(VI) chain, partial",COLLAGEN ALPHA-1(VI) CHAIN,COL6A1
"Collagen alpha-2(VI) chain, partial;PREDICTED: collagen alpha-2(VI) chain",COLLAGEN ALPHA-2(VI) CHAIN,COL6A2
PREDICTED: collagen alpha-3(VI) chain, COLLAGEN ALPHA-3(VI) CHAIN,COL6A3
Collectin-10;PREDICTED: collectin-10,COLLECTIN-10,COLEC10
"Collectin-11, partial;PREDICTED: collectin-11 isoform X1;PREDICTED: collectin-11 isoform X2;PREDICTED: collectin-11 isoform X3;PREDICTED: collectin-11 isoform X4",COLLECTIN-11,COLEC11
PREDICTED: cartilage oligomeric matrix protein, CARTILAGE OLIGOMERIC MATRIX PROTEIN,COMP
"Catechol O-methyltransferase, partial;PREDICTED: catechol O-methyltransferase",CATECHOL O-METHYLTRANSFERASE,COMT
"Coatomer subunit gamma-2, partial;Coatomer subunit gamma-1, partial;PREDICTED: coatomer subunit gamma-1, partial;PREDICTED: coatomer subunit gamma-2, partial",COATOMER SUBUNIT GAMMA-2,COPG2
"Coronin-1C, partial;PREDICTED: coronin-1C, partial",CORONIN-1C,CORO1C
Coactosin-like;PREDICTED: coactosin-like protein,COACTOSIN-LIKE,COTL1
"Ceruloplasmin, partial;PREDICTED: ceruloplasmin",CERULOPLASMIN,CP
PREDICTED: carboxypeptidase B2, CARBOXYPEPTIDASE B2,CPB2
"Carboxypeptidase N catalytic chain, partial",CARBOXYPEPTIDASE N CATALYTIC CHAIN,CPN1
"Carboxypeptidase Q, partial",CARBOXYPEPTIDASE Q,CPQ
"Carboxypeptidase Q, partial",CARBOXYPEPTIDASE Q,CPQ
"PREDICTED: complement component receptor 1-like protein, partial", COMPLEMENT COMPONENT RECEPTOR 1-LIKE PROTEIN,CR1
"Protein CREG1, partial;PREDICTED: protein CREG1",PROTEIN CREG1,CREG1
PREDICTED: cysteine-rich protein 1, CYSTEINE-RICH PROTEIN 1,CRIP1
PREDICTED: macrophage colony-stimulating factor 1 receptor, MACROPHAGE COLONY-STIMULATING FACTOR 1 RECEPTOR,CSF1R
"Chondroitin sulfate proteoglycan 4, partial;PREDICTED: chondroitin sulfate proteoglycan 4, partial",CHONDROITIN SULFATE PROTEOGLYCAN 4,CSPG4
PREDICTED: cysteine and glycine-rich protein 1 isoform X1;PREDICTED: cysteine and glycine-rich protein 1 isoform X2, CYSTEINE AND GLYCINE-RICH PROTEIN 1 ISOFORM X1,CSRP1
"Cystatin, partial;PREDICTED: cystatin-like, partial",CYSTATIN,CST3
"Cystatin-B, partial;PREDICTED: cystatin-B, partial",CYSTATIN-B,CSTB
"Di-N-acetylchitobiase, partial;PREDICTED: di-N-acetylchitobiase, partial",DI-N-ACETYLCHITOBIASE,CTBS
"Collagen triple helix repeat-containing protein 1, partial;PREDICTED: collagen triple helix repeat-containing protein 1",COLLAGEN TRIPLE HELIX REPEAT-CONTAINING PROTEIN 1,CTHRC1
"Chymotrypsinogen 2, partial;PREDICTED: chymotrypsinogen 2-like, partial",CHYMOTRYPSINOGEN 2,CTRB2
"PREDICTED: lysosomal protective protein, partial", LYSOSOMAL PROTECTIVE PROTEIN,CTSA
Cathepsin B;PREDICTED: cathepsin B,CATHEPSIN B,CTSB
"PREDICTED: dipeptidyl peptidase 1-like, partial", DIPEPTIDYL PEPTIDASE 1-LIKE,CTSC
"Cathepsin D, partial",CATHEPSIN D,CTSD
"Cathepsin L1, partial;PREDICTED: cathepsin L1",CATHEPSIN L1,CTSL
"NADH-cytochrome b5 reductase 3, partial;PREDICTED: LOW QUALITY PROTEIN: NADH-cytochrome b5 reductase 3-like",NADH-CYTOCHROME B5 REDUCTASE 3,CYB5R3
"PREDICTED: LOW QUALITY PROTEIN: cytoglobin-like, partial", CYTOGLOBIN-LIKE,CYGB
"PREDICTED: cytochrome P450 4V2-like, partial", CYTOCHROME P450 4V2-LIKE,CYP4V2
"Protein FAM49B, partial;PREDICTED: protein FAM49B isoform X1;PREDICTED: protein FAM49B isoform X2",PROTEIN FAM49B,CYRIB
"Cytokine-like 1, partial;PREDICTED: cytokine-like protein 1",CYTOKINE-LIKE 1,CYTL1
"Decorin, partial;PREDICTED: decorin",DECORIN,DCN
"PREDICTED: ATP-dependent RNA helicase DDX3X, partial", ATP-DEPENDENT RNA HELICASE DDX3X,DDX3X
Protein DJ-1;PREDICTED: protein DJ-1,PROTEIN DJ-1,DJ-1
PREDICTED: LOW QUALITY PROTEIN: deleted in malignant brain tumors 1 protein-like, DELETED IN MALIGNANT BRAIN TUMORS 1 PROTEIN-LIKE,DMBT1
"Deoxyribonuclease-2-beta, partial;PREDICTED: deoxyribonuclease-2-beta",DEOXYRIBONUCLEASE-2-BETA,DNASE2B
"Dipeptidase 2, partial;PREDICTED: dipeptidase 2-like",DIPEPTIDASE 2,DPEP2
"Dihydropyrimidinase-related protein 2, partial;PREDICTED: dihydropyrimidinase-related protein 2",DIHYDROPYRIMIDINASE-RELATED PROTEIN 2,DPYSL2
"PREDICTED: dihydropyrimidinase-related protein 3-B-like, partial", DIHYDROPYRIMIDINASE-RELATED PROTEIN 3-B-LIKE,DPYSL3
"Desmocollin-1, partial;PREDICTED: desmocollin-2-like, partial",DESMOCOLLIN-1,DSC1
"PREDICTED: LOW QUALITY PROTEIN: desmoglein-2-like, partial", DESMOGLEIN-2-LIKE,DSG2
"Destrin, partial;PREDICTED: destrin;PREDICTED: destrin",DESTRIN,DSTN
Elongation factor 1-alpha 1;PREDICTED: elongation factor 1-alpha 1,ELONGATION FACTOR 1-ALPHA 1,EEF1A1
"Elongation factor 1-alpha 2, partial;PREDICTED: elongation factor 1-alpha 2",ELONGATION FACTOR 1-ALPHA 2,EEF1A2 
PREDICTED: elongation factor 1-delta isoform X1;PREDICTED: elongation factor 1-delta isoform X2;PREDICTED: elongation factor 1-delta isoform X3, ELONGATION FACTOR 1-DELTA ISOFORM X1,EEF1D
"Elongation factor 2, partial",ELONGATION FACTOR 2,EEF2
"PREDICTED: EGF-containing fibulin-like extracellular matrix protein 1, partial", EGF-CONTAINING FIBULIN-LIKE EXTRACELLULAR MATRIX PROTEIN 1,EFEMP1
"EGF-containing fibulin-like extracellular matrix protein 1, partial;PREDICTED: EGF-containing fibulin-like extracellular matrix protein 1, partial",EGF-CONTAINING FIBULIN-LIKE EXTRACELLULAR MATRIX PROTEIN 1,EFEMP1
"EH domain-containing protein 3, partial;PREDICTED: EH domain-containing protein 3",EH DOMAIN-CONTAINING PROTEIN 3,EHD3
"EH domain-containing protein 4, partial;PREDICTED: EH domain-containing protein 4, partial",EH DOMAIN-CONTAINING PROTEIN 4,EHD4
"Eukaryotic initiation factor 4A-II, partial;PREDICTED: eukaryotic initiation factor 4A-II",EUKARYOTIC INITIATION FACTOR 4A-II,EIF4A2
"Eukaryotic translation initiation factor 5A-2, partial;PREDICTED: eukaryotic translation initiation factor 5A-2",EUKARYOTIC TRANSLATION INITIATION FACTOR 5A-2,EIF5A2
"PREDICTED: EGF, latrophilin and seven transmembrane domain-containing protein 1", EGF LATROPHILIN AND SEVEN TRANSMEMBRANE DOMAIN-CONTAINING PROTEIN 1,ELTD1
Alpha-enolase;PREDICTED: alpha-enolase isoform X1,ALPHA-ENOLASE,ENO1
"Gamma-enolase, partial;PREDICTED: gamma-enolase isoform X1;PREDICTED: gamma-enolase isoform X2",GAMMA-ENOLASE,ENO2
"PREDICTED: ectonucleotide pyrophosphatase/phosphodiesterase family member 2-like, partial", ECTONUCLEOTIDE PYROPHOSPHATASEPHOSPHODIESTERASE FAMILY MEMBER 2-LIKE,ENPP2
"PREDICTED: ectonucleotide pyrophosphatase/phosphodiesterase family member 2-like, partial", ECTONUCLEOTIDE PYROPHOSPHATASEPHOSPHODIESTERASE FAMILY MEMBER 2-LIKE,ENPP2
"PREDICTED: ectonucleotide pyrophosphatase/phosphodiesterase family member 2-like, partial", ECTONUCLEOTIDE PYROPHOSPHATASEPHOSPHODIESTERASE FAMILY MEMBER 2-LIKE,ENPP2
"Ectonucleotide pyrophosphatase/phosphodiesterase family member 6, partial;PREDICTED: ectonucleotide pyrophosphatase/phosphodiesterase family member 6, partial",ECTONUCLEOTIDE PYROPHOSPHATASEPHOSPHODIESTERASE FAMILY MEMBER 6,ENPP6
"Ectonucleoside triphosphate diphosphohydrolase 6, partial;PREDICTED: ectonucleoside triphosphate diphosphohydrolase 6",ECTONUCLEOSIDE TRIPHOSPHATE DIPHOSPHOHYDROLASE 6,ENTPD6
"Endoplasmic reticulum resident protein 44, partial;PREDICTED: endoplasmic reticulum resident protein 44, partial",ENDOPLASMIC RETICULUM RESIDENT PROTEIN 44,ERP44
"Eukaryotic peptide chain release factor subunit 1, partial;PREDICTED: eukaryotic peptide chain release factor subunit 1",EUKARYOTIC PEPTIDE CHAIN RELEASE FACTOR SUBUNIT 1,ETF1
"PREDICTED: coagulation factor X, partial", COAGULATION FACTOR X,F10
"Coagulation factor XI, partial",COAGULATION FACTOR XI,F11
"PREDICTED: coagulation factor XIII A chain, partial", COAGULATION FACTOR XIII A CHAIN,F13A1
PREDICTED: coagulation factor XIII B chain, COAGULATION FACTOR XIII B CHAIN,F13B
Prothrombin;PREDICTED: prothrombin,PROTHROMBIN,F2
PREDICTED: coagulation factor V, COAGULATION FACTOR V,F5
"Coagulation factor VII, partial;PREDICTED: coagulation factor VII",COAGULATION FACTOR VII,F7
PREDICTED: coagulation factor VIII-like, COAGULATION FACTOR VIII-LIKE,F8
PREDICTED: coagulation factor IX-like, COAGULATION FACTOR IX-LIKE,F9
"PREDICTED: coagulation factor IX-like, partial", COAGULATION FACTOR IX-LIKE,F9
"Fatty acid-binding protein, liver",FATTY ACID-BINDING PROTEIN LIVER,FABP1
"Fatty acid-binding protein, liver;PREDICTED: fatty acid-binding protein, liver",FATTY ACID-BINDING PROTEIN LIVER,FABP1
"Fatty acid-binding protein, adipocyte;PREDICTED: fatty acid-binding protein, adipocyte-like",FATTY ACID-BINDING PROTEIN ADIPOCYTE,FABP4
PREDICTED: LOW QUALITY PROTEIN: fumarylacetoacetase, FUMARYLACETOACETASE,FAH
"PREDICTED: LOW QUALITY PROTEIN: protein FAM53B, partial", PROTEIN FAM53B,FAM53B
"Seprase, partial;PREDICTED: seprase",SEPRASE,FAP
PREDICTED: fatty acid synthase, FATTY ACID SYNTHASE,FASN
"Fibulin-1, partial;PREDICTED: fibulin-1, partial",FIBULIN-1,FBLN1
"Fibulin-5, partial;PREDICTED: fibulin-5, partial",FIBULIN-5,FBLN5
"PREDICTED: fibrillin-1-like, partial", FIBRILLIN-1-LIKE,FBN1
"PREDICTED: fibrillin-1-like, partial", FIBRILLIN-1-LIKE,FBN1
"Fructose-1,6-bisphosphatase 1, partial;PREDICTED: fructose-1,6-bisphosphatase 1-like, partial",FRUCTOSE-16-BISPHOSPHATASE 1,FBP1
"PREDICTED: IgGFc-binding protein, partial", IGGFC-BINDING PROTEIN,FCGBP
"PREDICTED: IgGFc-binding protein-like, partial", IGGFC-BINDING PROTEIN-LIKE,FCGBP
"PREDICTED: fetuin-B, partial", FETUIN-B,FETUB
"Fetuin-B, partial;PREDICTED: fetuin-B-like, partial",FETUIN-B,FETUB
PREDICTED: fibrinogen alpha chain, FIBRINOGEN ALPHA CHAIN,FGA
PREDICTED: fibrinogen beta chain, FIBRINOGEN BETA CHAIN,FGB
PREDICTED: fibrinogen gamma chain, FIBRINOGEN GAMMA CHAIN,FGG
PREDICTED: S-formylglutathione hydrolase isoform X1;PREDICTED: S-formylglutathione hydrolase isoform X2, S-FORMYLGLUTATHIONE HYDROLASE ISOFORM X1,FGH
PREDICTED: fibrinogen-like protein 1, FIBRINOGEN-LIKE PROTEIN 1,FGL1
"PREDICTED: fibrinogen-like protein 1, partial", FIBRINOGEN-LIKE PROTEIN 1,FGL1
"Fibrinogen-like 1, partial;PREDICTED: fibrinogen-like protein 1, partial",FIBRINOGEN-LIKE 1,FGL1
"Four and a half LIM domains protein 1, partial;PREDICTED: four and a half LIM domains protein 1 isoform X1;PREDICTED: four and a half LIM domains protein 1 isoform X2;PREDICTED: four and a half LIM domains protein 1 isoform X3",FOUR AND A HALF LIM DOMAINS PROTEIN 1,FHL1
"Peptidyl-prolyl cis-trans isomerase FKBP4, partial;PREDICTED: peptidyl-prolyl cis-trans isomerase FKBP4",PEPTIDYL-PROLYL CIS-TRANS ISOMERASE FKBP4,FKBP4
"Peptidyl-prolyl cis-trans isomerase FKBP9, partial",PEPTIDYL-PROLYL CIS-TRANS ISOMERASE FKBP9,FKBP9
"Filamin-B, partial;PREDICTED: filamin-B, partial",FILAMIN-B,FLNB
Fibromodulin;PREDICTED: fibromodulin,FIBROMODULIN,FMOD
"Fibronectin, partial;PREDICTED: fibronectin, partial",FIBRONECTIN,FN1
"FERM and PDZ domain-containing protein 3, partial;PREDICTED: LOW QUALITY PROTEIN: FERM and PDZ domain-containing protein 3, partial",FERM AND PDZ DOMAIN-CONTAINING PROTEIN 3,FRMPD3
"Fibronectin type III and SPRY domain-containing protein 2, partial;PREDICTED: fibronectin type III and SPRY domain-containing protein 2",FIBRONECTIN TYPE III AND SPRY DOMAIN-CONTAINING PROTEIN 2,FSD2
"PREDICTED: follistatin-related protein 1, partial", FOLLISTATIN-RELATED PROTEIN 1,FSTL1
PREDICTED: formimidoyltransferase-cyclodeaminase, FORMIMIDOYLTRANSFERASE-CYCLODEAMINASE,FTCD
"Ferritin heavy chain, partial",FERRITIN HEAVY CHAIN,FTH1
"Tissue alpha-L-fucosidase, partial;PREDICTED: tissue alpha-L-fucosidase, partial",TISSUE ALPHA-L-FUCOSIDASE,FUCA1
"Plasma alpha-L-fucosidase, partial;PREDICTED: plasma alpha-L-fucosidase, partial",PLASMA ALPHA-L-FUCOSIDASE,FUCA1
"Alpha-(1,6)-fucosyltransferase;PREDICTED: alpha-(1,6)-fucosyltransferase isoform X1;PREDICTED: alpha-(1,6)-fucosyltransferase isoform X2",ALPHA-(16)-FUCOSYLTRANSFERASE,FUT8
"Glyceraldehyde-3-phosphate dehydrogenase, partial;PREDICTED: glyceraldehyde-3-phosphate dehydrogenase",GLYCERALDEHYDE-3-PHOSPHATE DEHYDROGENASE,GAPDH
"PREDICTED: glycine--tRNA ligase {ECO:0000250|UniProtKB:Q9CZD3}, partial", GLYCINE--TRNA LIGASE ,GARS1
"PREDICTED: trifunctional purine biosynthetic protein adenosine-3, partial", TRIFUNCTIONAL PURINE BIOSYNTHETIC PROTEIN ADENOSINE-3,GART
"PREDICTED: LOW QUALITY PROTEIN: trifunctional purine biosynthetic protein adenosine-3-like, partial", TRIFUNCTIONAL PURINE BIOSYNTHETIC PROTEIN ADENOSINE-3-LIKE,GART
"Glutamate--cysteine ligase regulatory subunit, partial;PREDICTED: glutamate--cysteine ligase regulatory subunit, partial",GLUTAMATE--CYSTEINE LIGASE REGULATORY SUBUNIT,GCLM
"Rab GDP dissociation inhibitor beta, partial;PREDICTED: rab GDP dissociation inhibitor beta",RAB GDP DISSOCIATION INHIBITOR BETA,GD12
"Gamma-glutamyl hydrolase, partial;PREDICTED: gamma-glutamyl hydrolase, partial",GAMMA-GLUTAMYL HYDROLASE,GGH
"Growth hormone receptor, partial;PREDICTED: growth hormone receptor, partial",GROWTH HORMONE RECEPTOR,GHR
PREDICTED: gastrokine-1, GASTROKINE-1,GKN1
PREDICTED: gastrokine-2, GASTROKINE-2,GKN2
"Beta-galactosidase, partial;PREDICTED: beta-galactosidase, partial",BETA-GALACTOSIDASE,GLB1
"Lactoylglutathione lyase, partial;PREDICTED: lactoylglutathione lyase",LACTOYLGLUTATHIONE LYASE,GLO1
PREDICTED: guanine nucleotide-binding protein G(I)/G(S)/G(T) subunit beta-1, GUANINE NUCLEOTIDE-BINDING PROTEIN G(I)G(S)G(T) SUBUNIT BETA-1,GNB1
Guanine nucleotide-binding protein subunit beta-4;PREDICTED: guanine nucleotide-binding protein subunit beta-4 isoform X1,GUANINE NUCLEOTIDE-BINDING PROTEIN SUBUNIT BETA-4,GNB4
"Glycine N-methyltransferase, partial;PREDICTED: glycine N-methyltransferase",GLYCINE N-METHYLTRANSFERASE,GNMT
"N-acetylglucosamine-1-phosphotransferase subunit gamma, partial;PREDICTED: N-acetylglucosamine-1-phosphotransferase subunit gamma",N-ACETYLGLUCOSAMINE-1-PHOSPHOTRANSFERASE SUBUNIT GAMMA,GNPTG
"PREDICTED: golgin subfamily B member 1, partial", GOLGIN SUBFAMILY B MEMBER 1,GOLGB1
"Aspartate aminotransferase, cytoplasmic, partial;PREDICTED: aspartate aminotransferase, cytoplasmic, partial",ASPARTATE AMINOTRANSFERASE CYTOPLASMIC,GOT1
PREDICTED: platelet glycoprotein Ib alpha chain, PLATELET GLYCOPROTEIN IB ALPHA CHAIN,GP1BA
"Platelet glycoprotein Ib beta chain, partial;PREDICTED: platelet glycoprotein Ib beta chain",PLATELET GLYCOPROTEIN IB BETA CHAIN,GP1BB
Glycerol-3-phosphate dehydrogenase;PREDICTED: glycerol-3-phosphate dehydrogenase,GLYCEROL-3-PHOSPHATE DEHYDROGENASE,GPD1
"Glucose-6-phosphate isomerase, partial;PREDICTED: glucose-6-phosphate isomerase, partial",GLUCOSE-6-PHOSPHATE ISOMERASE,GPI
"Phosphatidylinositol-glycan-specific phospholipase D, partial;PREDICTED: phosphatidylinositol-glycan-specific phospholipase D, partial",PHOSPHATIDYLINOSITOL-GLYCAN-SPECIFIC PHOSPHOLIPASE D,GPLD1
"PREDICTED: glutathione peroxidase 1, partial", GLUTATHIONE PEROXIDASE 1,GPX1
"Glutathione peroxidase 3, partial",GLUTATHIONE PEROXIDASE 3,GPX3
PREDICTED: gelsolin, GELSOLIN,GSN
Glutathione S-transferase;PREDICTED: glutathione S-transferase-like,GLUTATHIONE S-TRANSFERASE,GSTM1
"PREDICTED: glutathione S-transferase Mu 3-like, partial", GLUTATHIONE S-TRANSFERASE MU 3-LIKE,GSTM3
Glutathione S-transferase 3;PREDICTED: glutathione S-transferase 3-like,GLUTATHIONE S-TRANSFERASE 3,GSTM3
"Glutathione S-transferase omega-1, partial;PREDICTED: glutathione S-transferase omega-1, partial",GLUTATHIONE S-TRANSFERASE OMEGA-1,GSTO1
"Maleylacetoacetate isomerase, partial;PREDICTED: maleylacetoacetate isomerase isoform X1",MALEYLACETOACETATE ISOMERASE,GSTZ1
PREDICTED: guanylin-like, GUANYLIN-LIKE,GUCY2C
"PREDICTED: beta-glucuronidase-like, partial", BETA-GLUCURONIDASE-LIKE,GUSB
"PREDICTED: histone H1, partial", HISTONE H1,H1
"Histone H2A.Z, partial;Histone H2A.V, partial;PREDICTED: histone H2A.V-like, partial;PREDICTED: histone H2A.Z, partial",HISTONE H2AZ,H2AZ
Histone H2B 5;Histone H2B 5;PREDICTED: histone H2B 5;PREDICTED: histone H2B 5-like,HISTONE H2B 5,H2BC5 
"PREDICTED: histone H3, embryonic, partial", HISTONE H3 EMBRYONIC,H3C14
"Histone H3, partial;PREDICTED: histone H3.3, partial",HISTONE H3,H3C14
"Hyaluronan-binding protein 2, partial;PREDICTED: hyaluronan-binding protein 2, partial",HYALURONAN-BINDING PROTEIN 2,HABP2
Histidine ammonia-lyase;PREDICTED: histidine ammonia-lyase,HISTIDINE AMMONIA-LYASE,HAL
"PREDICTED: hemoglobin subunit alpha-A/A', partial", HEMOGLOBIN SUBUNIT ALPHA-AA,HBA1
Hemoglobin subunit beta;PREDICTED: hemoglobin subunit beta,HEMOGLOBIN SUBUNIT BETA,HBB
PREDICTED: LOW QUALITY PROTEIN: probable E3 ubiquitin-protein ligase HECTD4, PROBABLE E3 UBIQUITIN-PROTEIN LIGASE HECTD4,HECTD4 
"Hephaestin, partial;PREDICTED: hephaestin",HEPHAESTIN,HEPH
"Homogentisate 1,2-dioxygenase, partial;PREDICTED: homogentisate 1,2-dioxygenase",HOMOGENTISATE 12-DIOXYGENASE,HGD
"Hepatocyte growth factor activator, partial;PREDICTED: hepatocyte growth factor activator",HEPATOCYTE GROWTH FACTOR ACTIVATOR,HGFAC
"Histidine triad nucleotide-binding protein 1, partial;PREDICTED: histidine triad nucleotide-binding protein 1-like",HISTIDINE TRIAD NUCLEOTIDE-BINDING PROTEIN 1,HINT1
"PREDICTED: class I histocompatibility antigen, F10 alpha chain-like, partial", CLASS I HISTOCOMPATIBILITY ANTIGEN F10 ALPHA CHAIN-LIKE,HLA-A
"PREDICTED: HLA class II histocompatibility antigen, DR alpha chain-like, partial", HLA CLASS II HISTOCOMPATIBILITY ANTIGEN DR ALPHA CHAIN-LIKE,HLA-DRB1
"Porphobilinogen deaminase, partial;PREDICTED: porphobilinogen deaminase",PORPHOBILINOGEN DEAMINASE,HMBS
High mobility group protein B1;PREDICTED: high mobility group protein B1,HIGH MOBILITY GROUP PROTEIN B1,HMGB1
High mobility group protein B3;PREDICTED: high mobility group protein B3,HIGH MOBILITY GROUP PROTEIN B3,HMGB3
"PREDICTED: hydroxymethylglutaryl-CoA synthase, cytoplasmic;PREDICTED: hydroxymethylglutaryl-CoA synthase, cytoplasmic", HYDROXYMETHYLGLUTARYL-COA SYNTHASE CYTOPLASMIC,HMGCS1
"Heme oxygenase 1, partial;PREDICTED: heme oxygenase 1",HEME OXYGENASE 1,HMOX1
"Heterogeneous nuclear ribonucleoproteins A2/B1, partial;PREDICTED: heterogeneous nuclear ribonucleoproteins A2/B1, partial",HETEROGENEOUS NUCLEAR RIBONUCLEOPROTEINS A2B1,HNRNPA2B1
"PREDICTED: heterogeneous nuclear ribonucleoprotein A3, partial", HETEROGENEOUS NUCLEAR RIBONUCLEOPROTEIN A3,HNRNPA3
"Heterogeneous nuclear ribonucleoprotein A/B, partial;PREDICTED: heterogeneous nuclear ribonucleoprotein A/B",HETEROGENEOUS NUCLEAR RIBONUCLEOPROTEIN AB,HNRNPAB
PREDICTED: LOW QUALITY PROTEIN: heterogeneous nuclear ribonucleoprotein H, HETEROGENEOUS NUCLEAR RIBONUCLEOPROTEIN H,HNRNPH1
PREDICTED: heterogeneous nuclear ribonucleoprotein K, HETEROGENEOUS NUCLEAR RIBONUCLEOPROTEIN K,HNRNPK
"4-hydroxyphenylpyruvate dioxygenase, partial;PREDICTED: 4-hydroxyphenylpyruvate dioxygenase, partial",4-HYDROXYPHENYLPYRUVATE DIOXYGENASE,HPD
"Heparanase, partial;PREDICTED: heparanase",HEPARANASE,HPSE
PREDICTED: histidine-rich glycoprotein, HISTIDINE-RICH GLYCOPROTEIN,HRG
Heat shock protein HSP 90-alpha;PREDICTED: heat shock protein HSP 90-alpha isoform X1,HEAT SHOCK PROTEIN HSP 90-ALPHA,HSP90AA1
"Endoplasmin, partial",ENDOPLASMIN,HSP90B1
"Heat shock 70 kDa protein 13, partial;PREDICTED: heat shock 70 kDa protein 13, partial",HEAT SHOCK 70 KDA PROTEIN 13,HSPA13
"Heat shock 70 kDa protein 4, partial",HEAT SHOCK 70 KDA PROTEIN 4,HSPA4
"Heat shock 70 kDa protein 4L, partial;PREDICTED: heat shock 70 kDa protein 4L isoform X1;PREDICTED: heat shock 70 kDa protein 4L isoform X2;PREDICTED: heat shock 70 kDa protein 4L isoform X3",HEAT SHOCK 70 KDA PROTEIN 4L,HSPA4L
"78 kDa glucose-regulated protein, partial;PREDICTED: 78 kDa glucose-regulated protein, partial",78 KDA GLUCOSE-REGULATED PROTEIN,HSPA5
"Heat shock cognate 71 kDa protein, partial;PREDICTED: heat shock cognate 71 kDa protein isoform X1;PREDICTED: heat shock cognate 71 kDa protein isoform X2",HEAT SHOCK COGNATE 71 KDA PROTEIN,HSPA8
"Heat shock protein beta-2, partial;PREDICTED: heat shock protein beta-2",HEAT SHOCK PROTEIN BETA-2,HSPB2
"Serine protease HTRA1, partial;PREDICTED: serine protease HTRA1, partial",SERINE PROTEASE HTRA1,HTRA1
Isocitrate dehydrogenase;PREDICTED: isocitrate dehydrogenase,ISOCITRATE DEHYDROGENASE,ICDH
"ICOS ligand, partial;PREDICTED: ICOS ligand-like, partial",ICOS LIGAND,ICOSLG
PREDICTED: isocitrate dehydrogenase, ISOCITRATE DEHYDROGENASE,IDH1
"Iduronate 2-sulfatase, partial;PREDICTED: iduronate 2-sulfatase",IDURONATE 2-SULFATASE,IDS
PREDICTED: insulin-like growth factor-binding protein complex acid labile subunit, INSULIN-LIKE GROWTH FACTOR-BINDING PROTEIN COMPLEX ACID LABILE SUBUNIT,IGFALS
"Insulin-like growth factor-binding protein 2, partial;PREDICTED: insulin-like growth factor-binding protein 2",INSULIN-LIKE GROWTH FACTOR-BINDING PROTEIN 2,IGFBP2
"Insulin-like growth factor-binding protein 3, partial;PREDICTED: insulin-like growth factor-binding protein 3, partial",INSULIN-LIKE GROWTH FACTOR-BINDING PROTEIN 3,IGFBP3
"PREDICTED: insulin-like growth factor-binding protein 7, partial", INSULIN-LIKE GROWTH FACTOR-BINDING PROTEIN 7,IGFBP7
"Immunoglobulin J chain, partial;PREDICTED: immunoglobulin J chain",IMMUNOGLOBULIN J CHAIN,IGH
"Ig lambda chain C region, partial",IG LAMBDA CHAIN C REGION,IGLC1
"PREDICTED: integrin-linked protein kinase, partial", INTEGRIN-LINKED PROTEIN KINASE,ILK
PREDICTED: immunoglobulin superfamily containing leucine-rich repeat protein, IMMUNOGLOBULIN SUPERFAMILY CONTAINING LEUCINE-RICH REPEAT PROTEIN,ILSR
"PREDICTED: inhibin beta C chain-like, partial", INHIBIN BETA C CHAIN-LIKE,INHBC
"Inhibin beta C chain, partial;PREDICTED: inhibin beta C chain-like",INHIBIN BETA C CHAIN,INHBC
"Integrator complex subunit 7, partial;PREDICTED: integrator complex subunit 7, partial",INTEGRATOR COMPLEX SUBUNIT 7,INST7 
"PREDICTED: LOW QUALITY PROTEIN: integrator complex subunit 1-like, partial", INTEGRATOR COMPLEX SUBUNIT 1-LIKE,INTS1
"Integrator complex subunit 4, partial;PREDICTED: integrator complex subunit 4-like, partial",INTEGRATOR COMPLEX SUBUNIT 4,INTS4
"Integrin alpha-11, partial;PREDICTED: integrin alpha-11, partial",INTEGRIN ALPHA-11,ITGA11
PREDICTED: integrin alpha-2, INTEGRIN ALPHA-2,ITGA2
"Integrin alpha-4, partial;PREDICTED: integrin alpha-4, partial",INTEGRIN ALPHA-4,ITGA4
"PREDICTED: integrin beta-1, partial", INTEGRIN BETA-1,ITGB1
"Integrin beta-2, partial;PREDICTED: integrin beta-2",INTEGRIN BETA-2,ITGB2
"Integrin beta-3, partial;PREDICTED: integrin beta-3, partial",INTEGRIN BETA-3,ITGB3
PREDICTED: inter-alpha-trypsin inhibitor heavy chain H2, INTER-ALPHA-TRYPSIN INHIBITOR HEAVY CHAIN H2,ITIH2
PREDICTED: inter-alpha-trypsin inhibitor heavy chain H3, INTER-ALPHA-TRYPSIN INHIBITOR HEAVY CHAIN H3,ITIH3
PREDICTED: inter-alpha-trypsin inhibitor heavy chain H4, INTER-ALPHA-TRYPSIN INHIBITOR HEAVY CHAIN H4,ITIH4
"Integral membrane protein 2A, partial;PREDICTED: integral membrane protein 2A, partial",INTEGRAL MEMBRANE PROTEIN 2A,ITM2A
"Integral membrane protein 2B, partial;PREDICTED: integral membrane protein 2B, partial",INTEGRAL MEMBRANE PROTEIN 2B,ITM2B
"BTB/POZ domain-containing protein KCTD16, partial;PREDICTED: BTB/POZ domain-containing protein KCTD16-like",BTBPOZ DOMAIN-CONTAINING PROTEIN KCTD16,KCTD16
"Kinesin-like KIF13A, partial;PREDICTED: kinesin-like protein KIF13A",KINESIN-LIKE KIF13A,KIF13A
PREDICTED: kininogen-1, KININOGEN-1,KNG1
"Importin subunit alpha-3, partial;PREDICTED: importin subunit alpha-3",IMPORTIN SUBUNIT ALPHA-3,KPNA4
"Importin subunit beta-1, partial;PREDICTED: importin subunit beta-1 isoform X1;PREDICTED: importin subunit beta-1 isoform X2",IMPORTIN SUBUNIT BETA-1,KPNB1
"Keratin, type I cytoskeletal 15;PREDICTED: keratin, type I cytoskeletal 15-like",KERATIN TYPE I CYTOSKELETAL 15,KRT15
"PREDICTED: keratin, type I cytoskeletal 19-like", KERATIN TYPE I CYTOSKELETAL 19-LIKE,KRT19
"Keratin, type I cytoskeletal 19, partial;PREDICTED: keratin, type I cytoskeletal 19",KERATIN TYPE I CYTOSKELETAL 19,KRT19
"PREDICTED: keratin, type II cytoskeletal 3-like", KERATIN TYPE II CYTOSKELETAL 3-LIKE,KRT3
"Keratin, type II cytoskeletal 4, partial;PREDICTED: keratin, type II cytoskeletal 4-like",KERATIN TYPE II CYTOSKELETAL 4,KRT4
"Keratin, type II cytoskeletal 6B, partial;PREDICTED: keratin, type II cytoskeletal 6B-like",KERATIN TYPE II CYTOSKELETAL 6B,KRT6B
"Keratin, type II cytoskeletal 75, partial;PREDICTED: keratin, type II cytoskeletal 5-like",KERATIN TYPE II CYTOSKELETAL 75,KRT75
"Keratin, type II cytoskeletal 75, partial;PREDICTED: keratin, type II cytoskeletal 6A-like, partial",KERATIN TYPE II CYTOSKELETAL 75,KRT75
"Keratin, type II cytoskeletal 75, partial;PREDICTED: keratin, type II cytoskeletal cochleal-like",KERATIN TYPE II CYTOSKELETAL 75,KRT75
"Keratin, type II cytoskeletal 75, partial;PREDICTED: LOW QUALITY PROTEIN: keratin, type II cytoskeletal 6A-like",KERATIN TYPE II CYTOSKELETAL 75,KRT75
PREDICTED: laminin subunit beta-1-like, LAMININ SUBUNIT BETA-1-LIKE,LAMB1
"Laminin subunit beta-1, partial;PREDICTED: laminin subunit beta-1, partial",LAMININ SUBUNIT BETA-1,LAMB1
"Lysosome-associated membrane glycoprotein 1, partial;PREDICTED: lysosome-associated membrane glycoprotein 1, partial",LYSOSOME-ASSOCIATED MEMBRANE GLYCOPROTEIN 1,LAMP1
"Lysosome-associated membrane glycoprotein 2, partial;PREDICTED: lysosome-associated membrane glycoprotein 2",LYSOSOME-ASSOCIATED MEMBRANE GLYCOPROTEIN 2,LAMP2
"PREDICTED: lipocalin-like, partial", LIPOCALIN-LIKE,LCN1
PREDICTED: plastin-2 isoform X1;PREDICTED: plastin-2 isoform X2, PLASTIN-2 ISOFORM X1,LCP1
"L-lactate dehydrogenase A chain, partial;PREDICTED: L-lactate dehydrogenase A chain isoform X1",L-LACTATE DEHYDROGENASE A CHAIN,LDHA
"PREDICTED: L-lactate dehydrogenase B chain, partial", L-LACTATE DEHYDROGENASE B CHAIN,LDHB
"PREDICTED: leukocyte cell-derived chemotaxin-2-like, partial", LEUKOCYTE CELL-DERIVED CHEMOTAXIN-2-LIKE,LECT2
PREDICTED: galectin-1 isoform X1, GALECTIN-1 ISOFORM X1,LGALS1
LIM and senescent cell antigen-like-containing domain protein 1;PREDICTED: LIM and senescent cell antigen-like-containing domain protein 1 isoform X1;PREDICTED: LIM and senescent cell antigen-like-containing domain protein 1 isoform X2;PREDICTED: LIM and senescent cell antigen-like-containing domain protein 1 isoform X3,LIM AND SENESCENT CELL ANTIGEN-LIKE-CONTAINING DOMAIN PROTEIN 1,LIMS1
"Putative endothelial lipase, partial;PREDICTED: endothelial lipase, partial",PUTATIVE ENDOTHELIAL LIPASE,LIPG
PREDICTED: lipase member M-like, LIPASE MEMBER M-LIKE,LIPM
"Vesicular integral-membrane protein VIP36, partial;PREDICTED: vesicular integral-membrane protein VIP36, partial",VESICULAR INTEGRAL-MEMBRANE PROTEIN VIP36,LMAN2
"Lamin-A, partial;PREDICTED: lamin, partial",LAMIN-A,LMNA
"Lamin-B2, partial;PREDICTED: lamin-B2",LAMIN-B2,LMNB2
"PREDICTED: low-density lipoprotein receptor-related protein 1-like, partial", LOW-DENSITY LIPOPROTEIN RECEPTOR-RELATED PROTEIN 1-LIKE,LRP1
Leucine-rich repeat-containing protein 4C;PREDICTED: leucine-rich repeat-containing protein 4C,LEUCINE-RICH REPEAT-CONTAINING PROTEIN 4C,LRRC4C
PREDICTED: LOW QUALITY PROTEIN: leucine-rich repeat neuronal protein 4-like, LEUCINE-RICH REPEAT NEURONAL PROTEIN 4-LIKE,LRRTM4
"U6 snRNA-associated Sm-like LSm3, partial;PREDICTED: U6 snRNA-associated Sm-like protein LSm3, partial",U6 SNRNA-ASSOCIATED SM-LIKE LSM3,LSM3
"PREDICTED: leukotriene A-4 hydrolase, partial", LEUKOTRIENE A-4 HYDROLASE,LTA4H
PREDICTED: leukotriene A-4 hydrolase-like, LEUKOTRIENE A-4 HYDROLASE-LIKE,LTA4H
Lumican;PREDICTED: lumican,LUMICAN,LUM
"Lymphocyte antigen 6E, partial",LYMPHOCYTE ANTIGEN 6E,LY6E
"Lymphocyte antigen 86, partial;PREDICTED: lymphocyte antigen 86",LYMPHOCYTE ANTIGEN 86,LY86
"Lysozyme G, partial;PREDICTED: lysozyme g-like",LYSOZYME G,LYG2
PREDICTED: lymphatic vessel endothelial hyaluronic acid receptor 1, LYMPHATIC VESSEL ENDOTHELIAL HYALURONIC ACID RECEPTOR 1,LYVE1
"Cation-independent mannose-6-phosphate receptor, partial;PREDICTED: cation-independent mannose-6-phosphate receptor, partial",CATION-INDEPENDENT MANNOSE-6-PHOSPHATE RECEPTOR,M6PR
"PREDICTED: mannosyl-oligosaccharide 1,2-alpha-mannosidase IA-like, partial", MANNOSYL-OLIGOSACCHARIDE 12-ALPHA-MANNOSIDASE IA-LIKE,MAN1A1
"Epididymis-specific alpha-mannosidase, partial;PREDICTED: epididymis-specific alpha-mannosidase",EPIDIDYMIS-SPECIFIC ALPHA-MANNOSIDASE,MAN2B2
"Alpha-mannosidase 2C1, partial;PREDICTED: alpha-mannosidase 2C1, partial",ALPHA-MANNOSIDASE 2C1,MAN2C1
"Mitogen-activated protein kinase 1, partial;PREDICTED: mitogen-activated protein kinase 1",MITOGEN-ACTIVATED PROTEIN KINASE 1,MAPK1
"Mitogen-activated protein kinase 14, partial;PREDICTED: mitogen-activated protein kinase 14, partial",MITOGEN-ACTIVATED PROTEIN KINASE 14,MAPK14
Microtubule-associated protein RP/EB family member 1;PREDICTED: microtubule-associated protein RP/EB family member 1 isoform X1,MICROTUBULE-ASSOCIATED PROTEIN RPEB FAMILY MEMBER 1,MAPRE1
"Macrophage receptor MARCO, partial;PREDICTED: macrophage receptor MARCO-like",MACROPHAGE RECEPTOR MARCO,MARCO
PREDICTED: LOW QUALITY PROTEIN: mannan-binding lectin serine protease 1-like, MANNAN-BINDING LECTIN SERINE PROTEASE 1-LIKE,MASP1
"Mannan-binding lectin serine protease 2, partial;PREDICTED: mannan-binding lectin serine protease 2",MANNAN-BINDING LECTIN SERINE PROTEASE 2,MASP2
S-adenosylmethionine synthase isoform type-1;PREDICTED: S-adenosylmethionine synthase isoform type-1,S-ADENOSYLMETHIONINE SYNTHASE ISOFORM TYPE-1,MAT1A
"Matrilin-3, partial;PREDICTED: matrilin-3, partial",MATRILIN-3,MATN3
Myoglobin;PREDICTED: myoglobin,MYOGLOBIN,MB
"Mitochondrial calcium uniporter regulatory subunit MCUb, partial;PREDICTED: mitochondrial calcium uniporter regulatory subunit MCUb, partial",MITOCHONDRIAL CALCIUM UNIPORTER REGULATORY SUBUNIT MCUB,MCUB
"Malate dehydrogenase, cytoplasmic, partial;PREDICTED: malate dehydrogenase, cytoplasmic, partial",MALATE DEHYDROGENASE CYTOPLASMIC,MDH1
"NADP-dependent malic enzyme, partial;PREDICTED: NADP-dependent malic enzyme",NADP-DEPENDENT MALIC ENZYME,ME1
Multiple epidermal growth factor-like domains protein 10;PREDICTED: multiple epidermal growth factor-like domains protein 10 isoform X1;PREDICTED: multiple epidermal growth factor-like domains protein 10 isoform X2,MULTIPLE EPIDERMAL GROWTH FACTOR-LIKE DOMAINS PROTEIN 10,MEGF10
"Melanotransferrin, partial;PREDICTED: melanotransferrin isoform X1;PREDICTED: melanotransferrin isoform X2",MELANOTRANSFERRIN,MELTF
"PREDICTED: LOW QUALITY PROTEIN: tyrosine-protein kinase Mer-like, partial", TYROSINE-PROTEIN KINASE MER-LIKE,MERTK
"Microfibrillar-associated protein 5, partial;PREDICTED: microfibrillar-associated protein 5-like, partial",MICROFIBRILLAR-ASSOCIATED PROTEIN 5,MFAP5
"Alpha-1,3-mannosyl-glycoprotein 2-beta-N-acetylglucosaminyltransferase, partial;PREDICTED: alpha-1,3-mannosyl-glycoprotein 2-beta-N-acetylglucosaminyltransferase, partial",ALPHA-13-MANNOSYL-GLYCOPROTEIN 2-BETA-N-ACETYLGLUCOSAMINYLTRANSFERASE,MGAT1
"PREDICTED: alpha-1,6-mannosylglycoprotein 6-beta-N-acetylglucosaminyltransferase A, partial", ALPHA-16-MANNOSYLGLYCOPROTEIN 6-BETA-N-ACETYLGLUCOSAMINYLTRANSFERASE A,MGAT5B
"PREDICTED: alpha-1,6-mannosylglycoprotein 6-beta-N-acetylglucosaminyltransferase A, partial", ALPHA-16-MANNOSYLGLYCOPROTEIN 6-BETA-N-ACETYLGLUCOSAMINYLTRANSFERASE A,MGAT5B
"Alpha-1,6-mannosylglycoprotein 6-beta-N-acetylglucosaminyltransferase A, partial;PREDICTED: alpha-1,6-mannosylglycoprotein 6-beta-N-acetylglucosaminyltransferase A-like, partial",ALPHA-16-MANNOSYLGLYCOPROTEIN 6-BETA-N-ACETYLGLUCOSAMINYLTRANSFERASE A,MGAT5B
"Monoglyceride lipase, partial;PREDICTED: LOW QUALITY PROTEIN: monoglyceride lipase",MONOGLYCERIDE LIPASE,MGLL
"Macrophage migration inhibitory factor, partial;PREDICTED: macrophage migration inhibitory factor, partial",MACROPHAGE MIGRATION INHIBITORY FACTOR,MIF
"Multiple inositol polyphosphate phosphatase 1, partial;PREDICTED: multiple inositol polyphosphate phosphatase 1, partial",MULTIPLE INOSITOL POLYPHOSPHATE PHOSPHATASE 1,MINPP1
72 kDa type IV collagenase;PREDICTED: 72 kDa type IV collagenase isoform X1;PREDICTED: 72 kDa type IV collagenase isoform X2,72 KDA TYPE IV COLLAGENASE,MMP2
PREDICTED: multimerin-2, MULTIMERIN-2,MMRN2
"Mesothelin, partial",MESOTHELIN,MSLN
"Beta-microseminoprotein, partial;PREDICTED: beta-microseminoprotein",BETA-MICROSEMINOPROTEIN,MSMB
"Moesin, partial;PREDICTED: moesin",MOESIN,MSN
Growth/differentiation factor 8;PREDICTED: growth/differentiation factor 8 isoform X1,GROWTHDIFFERENTIATION FACTOR 8,MSTN
"S-methyl-5'-thioadenosine phosphorylase, partial;PREDICTED: S-methyl-5'-thioadenosine phosphorylase, partial",S-METHYL-5-THIOADENOSINE PHOSPHORYLASE,MTAP
"PREDICTED: LOW QUALITY PROTEIN: C-1-tetrahydrofolate synthase, cytoplasmic-like", C-1-TETRAHYDROFOLATE SYNTHASE CYTOPLASMIC-LIKE,MTHFD1
"Myotrophin, partial;PREDICTED: myotrophin",MYOTROPHIN,MTPN
"PREDICTED: LOW QUALITY PROTEIN: cell surface glycoprotein MUC18-like, partial", CELL SURFACE GLYCOPROTEIN MUC18-LIKE,MCAM
"Matrix-remodeling-associated protein 8, partial;PREDICTED: LOW QUALITY PROTEIN: matrix-remodeling-associated protein 8",MATRIX-REMODELING-ASSOCIATED PROTEIN 8,MXRA8
PREDICTED: myosin-9, MYOSIN-9,MYH9
"Myosin light chain 1, skeletal muscle isoform, partial;PREDICTED: myosin light chain 1/3, skeletal muscle isoform isoform X1;PREDICTED: myosin light chain 1/3, skeletal muscle isoform isoform X2",MYOSIN LIGHT CHAIN 1 SKELETAL MUSCLE ISOFORM,MYL1
"Myosin regulatory light chain 2, smooth muscle minor isoform, partial;Myosin regulatory light chain 2, smooth muscle minor isoform, partial;PREDICTED: myosin regulatory light chain 2, smooth muscle minor isoform-like isoform X1;PREDICTED: myosin regulatory light chain 2, smooth muscle minor isoform isoform X1",MYOSIN REGULATORY LIGHT CHAIN 2 SMOOTH MUSCLE MINOR ISOFORM,MYL2
PREDICTED: myosin regulatory light polypeptide 9 isoform X1, MYOSIN REGULATORY LIGHT POLYPEPTIDE 9 ISOFORM X1,MYL9
"Nascent polypeptide-associated complex subunit alpha, muscle-specific form, partial;PREDICTED: nascent polypeptide-associated complex subunit alpha, partial",NASCENT POLYPEPTIDE-ASSOCIATED COMPLEX SUBUNIT ALPHA MUSCLE-SPECIFIC FORM,NACA
"PREDICTED: nucleosome assembly protein 1-like 4, partial", NUCLEOSOME ASSEMBLY PROTEIN 1-LIKE 4,NAP1L4
"Neural cell adhesion molecule 1, partial;PREDICTED: neural cell adhesion molecule 1",NEURAL CELL ADHESION MOLECULE 1,NCAM1
Nuclear receptor corepressor 1;PREDICTED: nuclear receptor corepressor 1,NUCLEAR RECEPTOR COREPRESSOR 1,NCOR1
"Protein NDRG1, partial;PREDICTED: protein NDRG1",PROTEIN NDRG1,NDRG1
"Protein NDRG4, partial;PREDICTED: protein NDRG4, partial",PROTEIN NDRG4,NDRG4
"PREDICTED: neogenin-like, partial", NEOGENIN-LIKE,NEO1
"Na(+)/H(+) exchange regulatory cofactor NHE-RF1, partial;PREDICTED: Na(+)/H(+) exchange regulatory cofactor NHE-RF1, partial",NA(+)H(+) EXCHANGE REGULATORY COFACTOR NHE-RF1,NHERF1
"PREDICTED: niban-like protein 1, partial", NIBAN-LIKE PROTEIN 1,NIBAN1
"Protein Niban, partial;PREDICTED: protein Niban-like, partial",PROTEIN NIBAN,NIBAN1
PREDICTED: neuropeptide-like protein C4orf48 homolog, NEUROPEPTIDE-LIKE PROTEIN C4ORF48 HOMOLOG,NICOL1
"Nidogen-1, partial;PREDICTED: nidogen-1, partial",NIDOGEN-1,NID1
"PREDICTED: LOW QUALITY PROTEIN: nicotinamide N-methyltransferase-like, partial", NICOTINAMIDE N-METHYLTRANSFERASE-LIKE,NNMT
"PREDICTED: LOW QUALITY PROTEIN: neurogenic locus notch homolog protein 2-like, partial", NEUROGENIC LOCUS NOTCH HOMOLOG PROTEIN 2-LIKE,NOTCH2
"PREDICTED: neurogenic locus notch homolog protein 2-like, partial", NEUROGENIC LOCUS NOTCH HOMOLOG PROTEIN 2-LIKE,NOTCH2
"Puromycin-sensitive aminopeptidase, partial;PREDICTED: puromycin-sensitive aminopeptidase",PUROMYCIN-SENSITIVE AMINOPEPTIDASE,NPEPPS
N-acetylneuraminate lyase;PREDICTED: LOW QUALITY PROTEIN: N-acetylneuraminate lyase,N-ACETYLNEURAMINATE LYASE,NPL
"Nucleophosmin, partial;PREDICTED: nucleophosmin, partial",NUCLEOPHOSMIN,NPM1
"Natriuretic peptides A, partial;PREDICTED: natriuretic peptides A",NATRIURETIC PEPTIDES A,NPPA
"7-methylguanosine phosphate-specific 5'-nucleotidase, partial;PREDICTED: 7-methylguanosine phosphate-specific 5'-nucleotidase",7-METHYLGUANOSINE PHOSPHATE-SPECIFIC 5-NUCLEOTIDASE,NT5C3A
Nucleobindin-2;PREDICTED: LOW QUALITY PROTEIN: nucleobindin-2-like,NUCLEOBINDIN-2,NUCB2
"Nuclear migration protein nudC, partial",NUCLEAR MIGRATION PROTEIN NUDC,NUDC
"Nuclear pore complex protein Nup160, partial;PREDICTED: nuclear pore complex protein Nup160, partial",NUCLEAR PORE COMPLEX PROTEIN NUP160,NUP160
PREDICTED: nuclear transport factor 2, NUCLEAR TRANSPORT FACTOR 2,NUTF2
PREDICTED: osteoclast stimulatory transmembrane protein, OSTEOCLAST STIMULATORY TRANSMEMBRANE PROTEIN,OCSTAMP
Mimecan;PREDICTED: mimecan,MIMECAN,OGN
"Oncoprotein-induced transcript 3 protein, partial;PREDICTED: oncoprotein-induced transcript 3 protein",ONCOPROTEIN-INDUCED TRANSCRIPT 3 PROTEIN,OIT3
"Noelin, partial",NOELIN,OLFM1
"PREDICTED: LOW QUALITY PROTEIN: olfactomedin-like protein 3, partial", OLFACTOMEDIN-LIKE PROTEIN 3,OLFML3
"PREDICTED: opioid-binding protein/cell adhesion molecule, partial", OPIOID-BINDING PROTEINCELL ADHESION MOLECULE,OPCML
"Osteoclast-stimulating factor 1, partial;PREDICTED: osteoclast-stimulating factor 1, partial",OSTEOCLAST-STIMULATING FACTOR 1,OSTF1
"Polyadenylate-binding protein 1, partial;PREDICTED: polyadenylate-binding protein 1",POLYADENYLATE-BINDING PROTEIN 1,PABPC1
Platelet-activating factor acetylhydrolase IB subunit beta;PREDICTED: platelet-activating factor acetylhydrolase IB subunit beta,PLATELET-ACTIVATING FACTOR ACETYLHYDROLASE IB SUBUNIT BETA,PAFAH1B2
"Multifunctional protein ADE2, partial;PREDICTED: multifunctional protein ADE2, partial",MULTIFUNCTIONAL PROTEIN ADE2,PAICS
"PREDICTED: peptidyl-glycine alpha-amidating monooxygenase-like, partial", PEPTIDYL-GLYCINE ALPHA-AMIDATING MONOOXYGENASE-LIKE,PAM
"Peptidyl-glycine alpha-amidating monooxygenase, partial;PREDICTED: peptidyl-glycine alpha-amidating monooxygenase, partial",PEPTIDYL-GLYCINE ALPHA-AMIDATING MONOOXYGENASE,PAM
PREDICTED: beta-parvin isoform X1;PREDICTED: beta-parvin isoform X2, BETA-PARVIN ISOFORM X1,PARVB
"Poly(rC)-binding protein 3;Poly(rC)-binding protein 3, partial;PREDICTED: poly(rC)-binding protein 3;PREDICTED: poly(rC)-binding protein 3-like",POLY(RC)-BINDING PROTEIN 3,PCBP3
"PREDICTED: LOW QUALITY PROTEIN: protocadherin-1-like, partial", PROTOCADHERIN-1-LIKE,PCDH1
"PREDICTED: protocadherin gamma-A4 {ECO:0000312|EMBL:AAK26087.1}-like, partial", PROTOCADHERIN GAMMA-A4 -LIKE,PCDHGA4
"Platelet-derived growth factor receptor beta, partial;PREDICTED: platelet-derived growth factor receptor beta",PLATELET-DERIVED GROWTH FACTOR RECEPTOR BETA,PDGFRB
"Protein disulfide-isomerase, partial;PREDICTED: protein disulfide-isomerase, partial",PROTEIN DISULFIDE-ISOMERASE,PDIA1
"Protein disulfide-isomerase A3, partial;PREDICTED: protein disulfide-isomerase A3, partial",PROTEIN DISULFIDE-ISOMERASE A3,PDIA3
"PDZ and LIM domain protein 5, partial;PREDICTED: PDZ and LIM domain protein 5, partial",PDZ AND LIM DOMAIN PROTEIN 5,PDLIM5
"PREDICTED: LOW QUALITY PROTEIN: phosphatidylethanolamine-binding protein 1-like, partial", PHOSPHATIDYLETHANOLAMINE-BINDING PROTEIN 1-LIKE,PEBP1
"Xaa-Pro dipeptidase, partial;PREDICTED: xaa-Pro dipeptidase, partial",XAA-PRO DIPEPTIDASE,PEPD
"PREDICTED: LOW QUALITY PROTEIN: ATP-dependent 6-phosphofructokinase, platelet type", ATP-DEPENDENT 6-PHOSPHOFRUCTOKINASE PLATELET TYPE,PFKP
"Profilin-2, partial;PREDICTED: profilin-2",PROFILIN-2,PFN2
"PREDICTED: pepsin A-like, partial", PEPSIN A-LIKE,PGA5
"Phosphoglycerate mutase 1, partial;PREDICTED: LOW QUALITY PROTEIN: phosphoglycerate mutase 1, partial",PHOSPHOGLYCERATE MUTASE 1,PGAM1
"6-phosphogluconate dehydrogenase, decarboxylating, partial;PREDICTED: 6-phosphogluconate dehydrogenase, decarboxylating",6-PHOSPHOGLUCONATE DEHYDROGENASE DECARBOXYLATING,PGD
"PREDICTED: LOW QUALITY PROTEIN: phosphoglycerate kinase-like, partial", PHOSPHOGLYCERATE KINASE-LIKE,PGK1
"Phosphoglucomutase-1, partial;PREDICTED: phosphoglucomutase-1",PHOSPHOGLUCOMUTASE-1,PGM1
"Phosphoglucomutase-2, partial",PHOSPHOGLUCOMUTASE-2,PGM2
"14 kDa phosphohistidine phosphatase, partial;PREDICTED: 14 kDa phosphohistidine phosphatase-like, partial",14 KDA PHOSPHOHISTIDINE PHOSPHATASE,PHPT1
PREDICTED: LOW QUALITY PROTEIN: polymeric immunoglobulin receptor-like, POLYMERIC IMMUNOGLOBULIN RECEPTOR-LIKE,PIGR
"Pyruvate kinase PKM, partial;PREDICTED: pyruvate kinase PKM",PYRUVATE KINASE PKM,PKM
"Phospholipase A1 member A, partial;PREDICTED: phospholipase A1 member A",PHOSPHOLIPASE A1 MEMBER A,PLA1A
"PREDICTED: secretory phospholipase A2 receptor-like, partial", SECRETORY PHOSPHOLIPASE A2 RECEPTOR-LIKE,PLA2R1
"Secretory phospholipase A2 receptor, partial;PREDICTED: secretory phospholipase A2 receptor, partial",SECRETORY PHOSPHOLIPASE A2 RECEPTOR,PLA2R1
"Phospholipase D4, partial;PREDICTED: phospholipase D4",PHOSPHOLIPASE D4,PLD4
"Pleckstrin, partial;PREDICTED: pleckstrin",PLECKSTRIN,PLEK
"Plasminogen, partial;PREDICTED: plasminogen-like, partial",PLASMINOGEN,PLG
"Plasminogen, partial;PREDICTED: plasminogen",PLASMINOGEN,PLG
"PREDICTED: LOW QUALITY PROTEIN: perilipin-3-like, partial", PERILIPIN-3-LIKE,PLIN3
"Procollagen-lysine,2-oxoglutarate 5-dioxygenase 1, partial;PREDICTED: procollagen-lysine,2-oxoglutarate 5-dioxygenase 1, partial",PROCOLLAGEN-LYSINE2-OXOGLUTARATE 5-DIOXYGENASE 1,PLOD1
PREDICTED: plastin-3 isoform X1;PREDICTED: plastin-3 isoform X2, PLASTIN-3 ISOFORM X1,PLS3
"Phospholipid transfer protein, partial;PREDICTED: phospholipid transfer protein",PHOSPHOLIPID TRANSFER PROTEIN,PLTP
"PREDICTED: plexin domain-containing protein 2, partial", PLEXIN DOMAIN-CONTAINING PROTEIN 2,PLXDC2
"Plexin-B1, partial;PREDICTED: plexin-B1 isoform X1;PREDICTED: plexin-B1 isoform X2",PLEXIN-B1,PLXNB1
"PREDICTED: plexin-B2-like, partial", PLEXIN-B2-LIKE,PLXNB2
"putative carboxypeptidase PM20D1, partial;PREDICTED: probable carboxypeptidase PM20D1",PUTATIVE CARBOXYPEPTIDASE PM20D1,PM20D1
"Protein O-linked-mannose beta-1,2-N-acetylglucosaminyltransferase 1, partial;PREDICTED: protein O-linked-mannose beta-1,2-N-acetylglucosaminyltransferase 1",PROTEIN O-LINKED-MANNOSE BETA-12-N-ACETYLGLUCOSAMINYLTRANSFERASE 1,POMGNT1
PREDICTED: periostin isoform X2, PERIOSTIN ISOFORM X2,POSTN
Periostin;PREDICTED: periostin isoform X1,PERIOSTIN,POSTN
"Serine/threonine-protein phosphatase 2A activator, partial;PREDICTED: serine/threonine-protein phosphatase 2A activator, partial",SERINETHREONINE-PROTEIN PHOSPHATASE 2A ACTIVATOR,PPP2CA
"Peptidyl-prolyl cis-trans isomerase A, partial;PREDICTED: peptidyl-prolyl cis-trans isomerase A, partial",PEPTIDYL-PROLYL CIS-TRANS ISOMERASE A,PPIA
"Peptidyl-prolyl cis-trans isomerase C, partial;PREDICTED: peptidyl-prolyl cis-trans isomerase C, partial",PEPTIDYL-PROLYL CIS-TRANS ISOMERASE C,PPIC
"Serine/threonine-protein phosphatase PP1-gamma catalytic subunit, partial;Serine/threonine-protein phosphatase PP1-beta catalytic subunit, partial;PREDICTED: LOW QUALITY PROTEIN: serine/threonine-protein phosphatase PP1-gamma catalytic subunit {ECO:0000250|UniProtKB:P36873}-like;PREDICTED: serine/threonine-protein phosphatase PP1-beta catalytic subunit",SERINETHREONINE-PROTEIN PHOSPHATASE PP1-GAMMA CATALYTIC SUBUNIT,PPP1CC
"Serine/threonine-protein phosphatase 2A catalytic subunit alpha isoform, partial;Serine/threonine-protein phosphatase 2A catalytic subunit alpha isoform, partial;PREDICTED: serine/threonine-protein phosphatase 2A catalytic subunit beta isoform, partial;PREDICTED: serine/threonine-protein phosphatase 2A catalytic subunit alpha isoform-like",SERINETHREONINE-PROTEIN PHOSPHATASE 2A CATALYTIC SUBUNIT ALPHA ISOFORM,PPP2CA
"Palmitoyl-protein thioesterase 1, partial;PREDICTED: palmitoyl-protein thioesterase 1, partial",PALMITOYL-PROTEIN THIOESTERASE 1,PPT1
"Peroxiredoxin-1, partial;PREDICTED: peroxiredoxin-1 isoform X2",PEROXIREDOXIN-1,PRDX1
"PREDICTED: peroxiredoxin-4, partial", PEROXIREDOXIN-4,PRDX4
PREDICTED: peroxiredoxin-6, PEROXIREDOXIN-6,PRDX6
cAMP-dependent protein kinase type I-alpha regulatory subunit;PREDICTED: cAMP-dependent protein kinase type I-alpha regulatory subunit,CAMP-DEPENDENT PROTEIN KINASE TYPE I-ALPHA REGULATORY SUBUNIT,PRKAR1A
PREDICTED: protein kinase C epsilon type, PROTEIN KINASE C EPSILON TYPE,PRKCE
PREDICTED: LOW QUALITY PROTEIN: vitamin K-dependent protein C, VITAMIN K-DEPENDENT PROTEIN C,PROC
"PREDICTED: vitamin K-dependent protein S, partial", VITAMIN K-DEPENDENT PROTEIN S,PROS1
PREDICTED: protein Z-dependent protease inhibitor, PROTEIN Z-DEPENDENT PROTEASE INHIBITOR,PROZ
PREDICTED: LOW QUALITY PROTEIN: vitamin K-dependent protein Z, VITAMIN K-DEPENDENT PROTEIN Z,PROZ
"PREDICTED: prosaposin, partial", PROSAPOSIN,PSAP
"Phosphoserine aminotransferase, partial;PREDICTED: phosphoserine aminotransferase",PHOSPHOSERINE AMINOTRANSFERASE,PSAT1
PREDICTED: LOW QUALITY PROTEIN: PC4 and SFRS1-interacting protein, PC4 AND SFRS1-INTERACTING PROTEIN,PSIP1
PREDICTED: LOW QUALITY PROTEIN: proteasome subunit alpha type-1, PROTEASOME SUBUNIT ALPHA TYPE-1,PSMA1
"Proteasome subunit alpha type-2, partial;PREDICTED: proteasome subunit alpha type-2, partial",PROTEASOME SUBUNIT ALPHA TYPE-2,PSMA2
PREDICTED: proteasome subunit alpha type-3, PROTEASOME SUBUNIT ALPHA TYPE-3,PSMA3
"PREDICTED: proteasome subunit alpha type-3-like, partial", PROTEASOME SUBUNIT ALPHA TYPE-3-LIKE,PSMA3
"Proteasome subunit alpha type-4, partial",PROTEASOME SUBUNIT ALPHA TYPE-4,PSMA4
"PREDICTED: proteasome subunit alpha type-5, partial", PROTEASOME SUBUNIT ALPHA TYPE-5,PSMA5
"Proteasome subunit alpha type-6, partial",PROTEASOME SUBUNIT ALPHA TYPE-6,PSMA6
"Proteasome subunit alpha type-7, partial;PREDICTED: proteasome subunit alpha type-7, partial",PROTEASOME SUBUNIT ALPHA TYPE-7,PSMA7
"Proteasome subunit beta type-1, partial;PREDICTED: proteasome subunit beta type-1, partial",PROTEASOME SUBUNIT BETA TYPE-1,PSMB1
"Proteasome subunit beta type-2, partial;PREDICTED: proteasome subunit beta type-2",PROTEASOME SUBUNIT BETA TYPE-2,PSMB2
"Proteasome subunit beta type-3, partial",PROTEASOME SUBUNIT BETA TYPE-3,PSMB4
"PREDICTED: 26S proteasome non-ATPase regulatory subunit 13, partial", 26S PROTEASOME NON-ATPASE REGULATORY SUBUNIT 13,PSMD13
"Polypyrimidine tract-binding protein 1, partial;PREDICTED: polypyrimidine tract-binding protein 1",POLYPYRIMIDINE TRACT-BINDING PROTEIN 1,PTBP1
PREDICTED: polypyrimidine tract-binding protein 2 isoform X1;PREDICTED: polypyrimidine tract-binding protein 2 isoform X2;PREDICTED: polypyrimidine tract-binding protein 2 isoform X3, POLYPYRIMIDINE TRACT-BINDING PROTEIN 2 ISOFORM X1,PTBP2
"Receptor-type tyrosine-protein phosphatase beta, partial;PREDICTED: receptor-type tyrosine-protein phosphatase beta, partial",RECEPTOR-TYPE TYROSINE-PROTEIN PHOSPHATASE BETA,PTPRB
"Receptor-type tyrosine-protein phosphatase C, partial;PREDICTED: receptor-type tyrosine-protein phosphatase C",RECEPTOR-TYPE TYROSINE-PROTEIN PHOSPHATASE C,PTPRC
PREDICTED: receptor-type tyrosine-protein phosphatase mu-like, RECEPTOR-TYPE TYROSINE-PROTEIN PHOSPHATASE MU-LIKE,PTPRM
"Receptor-type tyrosine-protein phosphatase S, partial;PREDICTED: receptor-type tyrosine-protein phosphatase S, partial",RECEPTOR-TYPE TYROSINE-PROTEIN PHOSPHATASE S,PTPRS
Pentraxin-related protein PTX3;PREDICTED: pentraxin-related protein PTX3,PENTRAXIN-RELATED PROTEIN PTX3,PTX3
"PREDICTED: bifunctional purine biosynthesis protein PURH, partial", BIFUNCTIONAL PURINE BIOSYNTHESIS PROTEIN PURH,ATIC
"PREDICTED: glycogen phosphorylase, brain form, partial", GLYCOGEN PHOSPHORYLASE BRAIN FORM,PYGB
"PREDICTED: alpha-2-macroglobulin-like, partial", ALPHA-2-MACROGLOBULIN-LIKE,PZP
"PREDICTED: alpha-2-macroglobulin-like, partial", ALPHA-2-MACROGLOBULIN-LIKE,PZP
"PREDICTED: alpha-2-macroglobulin-like, partial", ALPHA-2-MACROGLOBULIN-LIKE,PZP
PREDICTED: ras-related protein Rab-10, RAS-RELATED PROTEIN RAB-10,RAB10
"Ras-related protein Rab-11B, partial;Ras-related protein Rab-11A, partial;Ras-related protein Rab-11A, partial;PREDICTED: ras-related protein Rab-11A-like",RAS-RELATED PROTEIN RAB-11B,RAB11B
"Ras-related protein Rab-1A, partial;PREDICTED: ras-related protein Rab-1A",RAS-RELATED PROTEIN RAB-1A,RAB1A
Ras-related protein Rap-1b;PREDICTED: ras-related protein Rap-1b,RAS-RELATED PROTEIN RAP-1B,RAB1B
"Ras-related protein Rab-28, partial;PREDICTED: ras-related protein Rab-28",RAS-RELATED PROTEIN RAB-28,RAB28
"PREDICTED: ras-related protein Rab-2A, partial", RAS-RELATED PROTEIN RAB-2A,RAB2A 
"Ras-related protein Rab-5C;Ras-related protein Rab-5A, partial;PREDICTED: ras-related protein Rab-5A isoform X1;PREDICTED: ras-related protein Rab-5A isoform X2;PREDICTED: ras-related protein Rab-5C isoform X1;PREDICTED: ras-related protein Rab-5C isoform X2;PREDICTED: ras-related protein Rab-5C isoform X3",RAS-RELATED PROTEIN RAB-5C,RAB5C
Ras-related protein Rab-7a;PREDICTED: ras-related protein Rab-7a isoform X1;PREDICTED: ras-related protein Rab-7a isoform X2,RAS-RELATED PROTEIN RAB-7A,RAB7A
"Ras-related C3 botulinum toxin substrate 1, partial;Ras-related C3 botulinum toxin substrate 3, partial;PREDICTED: ras-related C3 botulinum toxin substrate 1;PREDICTED: ras-related C3 botulinum toxin substrate 3",RAS-RELATED C3 BOTULINUM TOXIN SUBSTRATE 1,RAC1
"Ras-related C3 botulinum toxin substrate 2, partial;PREDICTED: ras-related C3 botulinum toxin substrate 2",RAS-RELATED C3 BOTULINUM TOXIN SUBSTRATE 2,RAC2
"Guanine nucleotide-binding protein subunit beta-2-like 1, partial;PREDICTED: guanine nucleotide-binding protein subunit beta-2-like 1, partial",GUANINE NUCLEOTIDE-BINDING PROTEIN SUBUNIT BETA-2-LIKE 1,RACK1
"GTP-binding nuclear protein Ran, partial;PREDICTED: GTP-binding nuclear protein Ran",GTP-BINDING NUCLEAR PROTEIN RAN,RAN
"Riboflavin-binding protein;PREDICTED: riboflavin-binding protein {ECO:0000303|PubMed:19416692, ECO:0000312|EMBL:BAH22358.1}",RIBOFLAVIN-BINDING PROTEIN,RBP
PREDICTED: retinol-binding protein 4, RETINOL-BINDING PROTEIN 4,RBP4
"Retinol-binding protein 5, partial;PREDICTED: retinol-binding protein 5",RETINOL-BINDING PROTEIN 5,RBP5
"Retinoid-binding protein 7, partial;PREDICTED: retinoid-binding protein 7",RETINOID-BINDING PROTEIN 7,RBP7
"PREDICTED: reversion-inducing cysteine-rich protein with Kazal motifs, partial", REVERSION-INDUCING CYSTEINE-RICH PROTEIN WITH KAZAL MOTIFS,RECK
PREDICTED: transforming protein RhoA, TRANSFORMING PROTEIN RHOA,RHOA
"Protein RIC1, partial;PREDICTED: protein RIC1 homolog",PROTEIN RIC1,RIC1
"Serine/threonine-protein kinase RIO3, partial",SERINETHREONINE-PROTEIN KINASE RIO3,RIOK3
"60S ribosomal protein L14, partial;PREDICTED: 60S ribosomal protein L14, partial",60S RIBOSOMAL PROTEIN L14,RPL14
"60S ribosomal protein L22, partial;PREDICTED: 60S ribosomal protein L22, partial",60S RIBOSOMAL PROTEIN L22,RPL22
"60S ribosomal protein L27a, partial;PREDICTED: 60S ribosomal protein L27a, partial",60S RIBOSOMAL PROTEIN L27A,RPL27A
"60S ribosomal protein L30, partial;PREDICTED: 60S ribosomal protein L30, partial",60S RIBOSOMAL PROTEIN L30,RPL30
"60S ribosomal protein L5, partial;PREDICTED: 60S ribosomal protein L5",60S RIBOSOMAL PROTEIN L5,RPL5
"60S ribosomal protein L9, partial;PREDICTED: 60S ribosomal protein L9",60S RIBOSOMAL PROTEIN L9,RPL9
PREDICTED: 40S ribosomal protein S10, 40S RIBOSOMAL PROTEIN S10,RPS10
"40S ribosomal protein S11, partial;PREDICTED: 40S ribosomal protein S11, partial",40S RIBOSOMAL PROTEIN S11,RPS11
"PREDICTED: 40S ribosomal protein S13, partial", 40S RIBOSOMAL PROTEIN S13,RPS13
"40S ribosomal protein S16, partial;PREDICTED: 40S ribosomal protein S16",40S RIBOSOMAL PROTEIN S16,RPS16
"40S ribosomal protein S3, partial",40S RIBOSOMAL PROTEIN S3,RPS3
"40S ribosomal protein S4, partial;PREDICTED: 40S ribosomal protein S4",40S RIBOSOMAL PROTEIN S4,RPS4X
"40S ribosomal protein S7, partial;PREDICTED: 40S ribosomal protein S7",40S RIBOSOMAL PROTEIN S7,RPS7
"Ras suppressor protein 1, partial;PREDICTED: ras suppressor protein 1, partial",RAS SUPPRESSOR PROTEIN 1,RSU1
"Protein S100-A11, partial;PREDICTED: uncharacterized protein LOC104075644",PROTEIN S100-A11,S100A11
PREDICTED: protein S100-A4-like, PROTEIN S100-A4-LIKE,S100A4
Protein S100-P;PREDICTED: protein S100-P,PROTEIN S100-P,S100P
"Serum amyloid A protein, partial;PREDICTED: serum amyloid A protein-like",SERUM AMYLOID A PROTEIN,SAA1
"GTP-binding protein SAR1b, partial;GTP-binding protein SAR1a, partial;PREDICTED: GTP-binding protein SAR1b",GTP-BINDING PROTEIN SAR1B,SAR1B
"SEC14-like 1, partial;PREDICTED: SEC14-like protein 1",SEC14-LIKE 1,SEC14L1
"E-selectin, partial;PREDICTED: E-selectin",E-SELECTIN,SELE
"Selenium-binding protein 1-A, partial;PREDICTED: selenium-binding protein 1",SELENIUM-BINDING PROTEIN 1-A,SELENBP1
"PREDICTED: selenoprotein Pb-like, partial", SELENOPROTEIN PB-LIKE,SELENOP
"Selenoprotein P, partial;PREDICTED: LOW QUALITY PROTEIN: selenoprotein P",SELENOPROTEIN P,SELENOP
"P-selectin, partial;PREDICTED: P-selectin, partial",P-SELECTIN,SELP
Serpin B6;PREDICTED: serpin B6-like,SERPIN B6,SERPINB6
PREDICTED: antithrombin-III, ANTITHROMBIN-III,SERPINC1
"Heparin cofactor 2, partial;PREDICTED: heparin cofactor 2",HEPARIN COFACTOR 2,SERPIND1
Pigment epithelium-derived factor;PREDICTED: pigment epithelium-derived factor,PIGMENT EPITHELIUM-DERIVED FACTOR,SERPINF1
"Alpha-2-antiplasmin, partial",ALPHA-2-ANTIPLASMIN,SERPINF2
"Protein SET, partial;PREDICTED: protein SET, partial",PROTEIN SET,SET
"SH3 domain-binding glutamic acid-rich-like, partial;PREDICTED: SH3 domain-binding glutamic acid-rich-like protein, partial",SH3 DOMAIN-BINDING GLUTAMIC ACID-RICH-LIKE,SH3BGRL
"SH3 domain-binding glutamic acid-rich-like 3, partial;PREDICTED: SH3 domain-binding glutamic acid-rich-like protein 3, partial",SH3 DOMAIN-BINDING GLUTAMIC ACID-RICH-LIKE 3,SH3BGRL3
"PREDICTED: serine hydroxymethyltransferase, cytosolic isoform X1", SERINE HYDROXYMETHYLTRANSFERASE CYTOSOLIC ISOFORM X1,SHMT1
"PREDICTED: LOW QUALITY PROTEIN: sialate O-acetylesterase, partial", SIALATE O-ACETYLESTERASE,SIAE
"Solute carrier family 35 member F3, partial;PREDICTED: solute carrier family 35 member F3, partial",SOLUTE CARRIER FAMILY 35 MEMBER F3,SLC35F3
"Mothers against decapentaplegic 3, partial;PREDICTED: mothers against decapentaplegic homolog 3 isoform X1;PREDICTED: mothers against decapentaplegic homolog 3 isoform X2;PREDICTED: mothers against decapentaplegic homolog 2 isoform X1;PREDICTED: mothers against decapentaplegic homolog 2 isoform X2",MOTHERS AGAINST DECAPENTAPLEGIC 3,SMAD3
"Serine/threonine-protein kinase SMG1, partial;PREDICTED: serine/threonine-protein kinase SMG1, partial",SERINETHREONINE-PROTEIN KINASE SMG1,SMG1
"PREDICTED: acid sphingomyelinase-like phosphodiesterase 3a, partial", ACID SPHINGOMYELINASE-LIKE PHOSPHODIESTERASE 3A,SMPDL3A
"PREDICTED: LOW QUALITY PROTEIN: sorting nexin-33, partial", SORTING NEXIN-33,SNX33
Superoxide dismutase;PREDICTED: superoxide dismutase,SUPEROXIDE DISMUTASE,SOD1
Extracellular superoxide dismutase;PREDICTED: extracellular superoxide dismutase,EXTRACELLULAR SUPEROXIDE DISMUTASE,SOD3
"Sorbitol dehydrogenase, partial;PREDICTED: sorbitol dehydrogenase, partial",SORBITOL DEHYDROGENASE,SORD
SPARC;PREDICTED: LOW QUALITY PROTEIN: SPARC,SPARC,SPARC
PREDICTED: LOW QUALITY PROTEIN: kunitz-type protease inhibitor 1, KUNITZ-TYPE PROTEASE INHIBITOR 1,SPINT1
"Secreted phosphoprotein 24, partial;PREDICTED: secreted phosphoprotein 24",SECRETED PHOSPHOPROTEIN 24,SPP2
"PREDICTED: spectrin alpha chain, non-erythrocytic 1 isoform X1;PREDICTED: spectrin alpha chain, non-erythrocytic 1 isoform X2;PREDICTED: spectrin alpha chain, non-erythrocytic 1 isoform X3", SPECTRIN ALPHA CHAIN NON-ERYTHROCYTIC 1 ISOFORM X1,SPTAN1
"Sorcin, partial;PREDICTED: sorcin, partial",SORCIN,SRI
"CMP-N-acetylneuraminate-beta-galactosamide-alpha-2, 3-sialyltransferase 1, partial;PREDICTED: CMP-N-acetylneuraminate-beta-galactosamide-alpha-2,3-sialyltransferase 1",CMP-N-ACETYLNEURAMINATE-BETA-GALACTOSAMIDE-ALPHA-2 3-SIALYLTRANSFERASE 1,ST3GAL4
"PREDICTED: stabilin-1, partial", STABILIN-1,STAB1
PREDICTED: cohesin subunit SA-1, COHESIN SUBUNIT SA-1,STAG1
"Stanniocalcin-2, partial;PREDICTED: stanniocalcin-2",STANNIOCALCIN-2,STC2
"Amine sulfotransferase, partial;PREDICTED: amine sulfotransferase-like",AMINE SULFOTRANSFERASE,SULT1A1
"PREDICTED: sulfotransferase 6B1-like, partial", SULFOTRANSFERASE 6B1-LIKE,SULT6B1
"PREDICTED: sushi domain-containing protein 1, partial", SUSHI DOMAIN-CONTAINING PROTEIN 1,SUSD1
"PREDICTED: sushi, von Willebrand factor type A, EGF and pentraxin domain-containing protein 1, partial", SUSHI VON WILLEBRAND FACTOR TYPE A EGF AND PENTRAXIN DOMAIN-CONTAINING PROTEIN 1,SVEP1
"PREDICTED: sushi, von Willebrand factor type A, EGF and pentraxin domain-containing protein 1-like, partial", SUSHI VON WILLEBRAND FACTOR TYPE A EGF AND PENTRAXIN DOMAIN-CONTAINING PROTEIN 1-LIKE,SVEP1
"Heterogeneous nuclear ribonucleoprotein Q, partial;PREDICTED: heterogeneous nuclear ribonucleoprotein Q isoform X1;PREDICTED: heterogeneous nuclear ribonucleoprotein Q isoform X2;PREDICTED: heterogeneous nuclear ribonucleoprotein Q isoform X3;PREDICTED: heterogeneous nuclear ribonucleoprotein Q isoform X4;PREDICTED: heterogeneous nuclear ribonucleoprotein Q isoform X5;PREDICTED: heterogeneous nuclear ribonucleoprotein Q isoform X6",HETEROGENEOUS NUCLEAR RIBONUCLEOPROTEIN Q,SYNCRIP
"TATA-binding protein-associated factor 2N, partial;PREDICTED: TATA-binding protein-associated factor 2N, partial",TATA-BINDING PROTEIN-ASSOCIATED FACTOR 2N,TAF15
"Transcription initiation factor TFIID subunit 3, partial;PREDICTED: transcription initiation factor TFIID subunit 3",TRANSCRIPTION INITIATION FACTOR TFIID SUBUNIT 3,TAF3
Transgelin-3;PREDICTED: transgelin-3;PREDICTED: transgelin-3;PREDICTED: transgelin-3,TRANSGELIN-3,TAGLN3
"Transaldolase, partial;PREDICTED: transaldolase",TRANSALDOLASE,TALDO1
"PREDICTED: T-complex protein 1 subunit alpha, partial", T-COMPLEX PROTEIN 1 SUBUNIT ALPHA,TCP1
"PREDICTED: alpha-tectorin-like, partial", ALPHA-TECTORIN-LIKE,TECTA
Transferrin receptor protein 1;PREDICTED: transferrin receptor protein 1,TRANSFERRIN RECEPTOR PROTEIN 1,TFRC
"Transforming growth factor-beta-induced protein ig-h3, partial;PREDICTED: transforming growth factor-beta-induced protein ig-h3, partial",TRANSFORMING GROWTH FACTOR-BETA-INDUCED PROTEIN IG-H3,TGFBI
"Transforming growth factor beta receptor type 3, partial",TRANSFORMING GROWTH FACTOR BETA RECEPTOR TYPE 3,TGFBR3
"Protein-glutamine gamma-glutamyltransferase E, partial;PREDICTED: protein-glutamine gamma-glutamyltransferase E",PROTEIN-GLUTAMINE GAMMA-GLUTAMYLTRANSFERASE E,TGM3
"THAP domain-containing protein 1, partial;PREDICTED: THAP domain-containing protein 1, partial",THAP DOMAIN-CONTAINING PROTEIN 1,THAP1
PREDICTED: thrombospondin-2, THROMBOSPONDIN-2,THBS2
Tubulointerstitial nephritis antigen;PREDICTED: tubulointerstitial nephritis antigen,TUBULOINTERSTITIAL NEPHRITIS ANTIGEN,TINAG
"PREDICTED: transketolase-like, partial", TRANSKETOLASE-LIKE,TKT
"Transketolase, partial;PREDICTED: transketolase-like, partial",TRANSKETOLASE,TKT
"PREDICTED: talin-1, partial", TALIN-1,TLN1
"PREDICTED: talin-1-like, partial", TALIN-1-LIKE,TLN1
"Talin-2, partial;PREDICTED: talin-2, partial",TALIN-2,TLN2
PREDICTED: tenascin, TENASCIN,TNC
"PREDICTED: troponin C, skeletal muscle, partial", TROPONIN C SKELETAL MUSCLE,TNNC1
"Troponin I, fast skeletal muscle, partial;PREDICTED: troponin I, fast skeletal muscle",TROPONIN I FAST SKELETAL MUSCLE,TNNI2
"Triosephosphate isomerase, partial;PREDICTED: triosephosphate isomerase, partial",TRIOSEPHOSPHATE ISOMERASE,TPI1
"Tropomyosin alpha-1 chain, partial",TROPOMYOSIN ALPHA-1 CHAIN,TPM1
"Tropomyosin alpha-1 chain, partial;PREDICTED: tropomyosin alpha-4 chain",TROPOMYOSIN ALPHA-1 CHAIN,TPM1
"Tropomyosin beta chain, partial",TROPOMYOSIN BETA CHAIN,TPM2
"Tropomyosin alpha-3 chain, partial",TROPOMYOSIN ALPHA-3 CHAIN,TPM3
"Translationally-controlled tumor protein, partial;PREDICTED: translationally-controlled tumor protein homolog",TRANSLATIONALLY-CONTROLLED TUMOR PROTEIN,TPT1
"E3 ubiquitin-protein ligase TTC3, partial;PREDICTED: E3 ubiquitin-protein ligase TTC3-like, partial",E3 UBIQUITIN-PROTEIN LIGASE TTC3,TTC3
"PREDICTED: LOW QUALITY PROTEIN: tolloid-like protein 2, partial", TOLLOID-LIKE PROTEIN 2,TTL2
Transthyretin;PREDICTED: transthyretin-like,TRANSTHYRETIN,TTR
"Transthyretin, partial;PREDICTED: transthyretin, partial",TRANSTHYRETIN,TTR
"Tubulin beta-7 chain, partial",TUBULIN BETA-7 CHAIN,TUB7
"PREDICTED: tubulin alpha-1C chain-like, partial", TUBULIN ALPHA-1C CHAIN-LIKE,TUBA1C
PREDICTED: tubulin alpha-3 chain, TUBULIN ALPHA-3 CHAIN,TUBA3C
"Tubulin alpha-4A chain, partial;PREDICTED: tubulin alpha-5 chain",TUBULIN ALPHA-4A CHAIN,TUBA4A
PREDICTED: tubulin alpha-8 chain, TUBULIN ALPHA-8 CHAIN,TUBA8
"Tubulin alpha-8 chain, partial;PREDICTED: tubulin alpha-4 chain isoform X1;PREDICTED: tubulin alpha-8 chain isoform X2",TUBULIN ALPHA-8 CHAIN,TUBA8
"Tubulin beta-6 chain, partial;PREDICTED: tubulin beta-6 chain isoform X1",TUBULIN BETA-6 CHAIN,TUBB6
PREDICTED: twinfilin-2-like, TWINFILIN-2-LIKE,TWF2
Twisted gastrulation protein 1;PREDICTED: twisted gastrulation protein homolog 1,TWISTED GASTRULATION PROTEIN 1,TWSG1
"Thioredoxin, partial;PREDICTED: thioredoxin, partial",THIOREDOXIN,TXN
"Thioredoxin domain-containing protein 17, partial",THIOREDOXIN DOMAIN-CONTAINING PROTEIN 17,TXNDC17
"Thioredoxin domain-containing protein 5, partial;PREDICTED: thioredoxin domain-containing protein 5",THIOREDOXIN DOMAIN-CONTAINING PROTEIN 5,TXNDC5
"Polyubiquitin-C, partial;PREDICTED: polyubiquitin-B",POLYUBIQUITIN-C,UBC
"PREDICTED: ubiquitin-conjugating enzyme E2 N, partial", UBIQUITIN-CONJUGATING ENZYME E2 N,UBE2N
PREDICTED: UTP--glucose-1-phosphate uridylyltransferase, UTP--GLUCOSE-1-PHOSPHATE URIDYLYLTRANSFERASE,UGP1
"PREDICTED: urocanate hydratase-like, partial", UROCANATE HYDRATASE-LIKE,UROC1
"Urocanate hydratase, partial;PREDICTED: urocanate hydratase, partial",UROCANATE HYDRATASE,UROC1
"Uroporphyrinogen decarboxylase, partial;PREDICTED: uroporphyrinogen decarboxylase, partial",UROPORPHYRINOGEN DECARBOXYLASE,UROD
PREDICTED: LOW QUALITY PROTEIN: vascular cell adhesion protein 1-like, VASCULAR CELL ADHESION PROTEIN 1-LIKE,VACM1
"PREDICTED: vinculin, partial", VINCULIN,VCL
"PREDICTED: vinculin, partial", VINCULIN,VCL
"PREDICTED: transitional endoplasmic reticulum ATPase, partial", TRANSITIONAL ENDOPLASMIC RETICULUM ATPASE,VCP
"Vascular endothelial growth factor receptor 3, partial;PREDICTED: vascular endothelial growth factor receptor 3 isoform X1;PREDICTED: vascular endothelial growth factor receptor 3 isoform X2",VASCULAR ENDOTHELIAL GROWTH FACTOR RECEPTOR 3,VEGFC
"PREDICTED: vimentin, partial", VIMENTIN,VIM
"Vitelline membrane outer layer protein 1, partial;PREDICTED: vitelline membrane outer layer protein 1-like",VITELLINE MEMBRANE OUTER LAYER PROTEIN 1,VMO1
"PREDICTED: pantetheinase-like, partial", PANTETHEINASE-LIKE,VNN1
"PREDICTED: vacuolar protein sorting-associated protein 13A-like, partial", VACUOLAR PROTEIN SORTING-ASSOCIATED PROTEIN 13A-LIKE,VPS13A
"Vitronectin, partial;PREDICTED: vitronectin, partial",VITRONECTIN,VTN
"PREDICTED: LOW QUALITY PROTEIN: von Willebrand factor-like, partial", VON WILLEBRAND FACTOR-LIKE,VWF
"PREDICTED: von Willebrand factor-like, partial", VON WILLEBRAND FACTOR-LIKE,VWF
"von Willebrand factor, partial;PREDICTED: von Willebrand factor-like, partial",VON WILLEBRAND FACTOR,VWF
"WD repeat-containing protein 1, partial;PREDICTED: WD repeat-containing protein 1, partial",WD REPEAT-CONTAINING PROTEIN 1,WDR1
"WAP, Kazal, immunoglobulin, Kunitz and NTR domain-containing protein 2;PREDICTED: WAP, Kazal, immunoglobulin, Kunitz and NTR domain-containing protein 2",WAP KAZAL IMMUNOGLOBULIN KUNITZ AND NTR DOMAIN-CONTAINING PROTEIN 2,WFIKKN2
"14-3-3 protein beta/alpha, partial;PREDICTED: 14-3-3 protein beta/alpha",14-3-3 PROTEIN BETAALPHA,YWHAB
PREDICTED: 14-3-3 protein gamma, 14-3-3 PROTEIN GAMMA,YWHAG
"PREDICTED: 14-3-3 protein theta, partial", 14-3-3 PROTEIN THETA,YWHAQ 
"14-3-3 protein theta, partial;PREDICTED: 14-3-3 protein theta-like",14-3-3 PROTEIN THETA,YWHAQ 
"14-3-3 protein epsilon, partial;PREDICTED: 14-3-3 protein epsilon isoform X1;PREDICTED: 14-3-3 protein epsilon isoform X2",14-3-3 PROTEIN EPSILON,YWHAQ 
"14-3-3 protein zeta, partial;PREDICTED: 14-3-3 protein zeta/delta",14-3-3 PROTEIN ZETA,YWHAZ
PREDICTED: ADP-sugar pyrophosphatase, ADP-SUGAR PYROPHOSPHATASE,
"PREDICTED: adseverin, partial", ADSEVERIN,
PREDICTED: alpha-1-antiproteinase 2-like isoform X2, ALPHA-1-ANTIPROTEINASE 2-LIKE ISOFORM X2,
"PREDICTED: LOW QUALITY PROTEIN: aminopeptidase B, partial", AMINOPEPTIDASE B,
"PREDICTED: cytosolic phospholipase A2-like, partial", CYTOSOLIC PHOSPHOLIPASE A2-LIKE,
PREDICTED: epidermal differentiation-specific protein-like, EPIDERMAL DIFFERENTIATION-SPECIFIC PROTEIN-LIKE,
"PREDICTED: fatty acyl-CoA hydrolase precursor, medium chain-like", FATTY ACYL-COA HYDROLASE PRECURSOR MEDIUM CHAIN-LIKE,
PREDICTED: histone H4 type VIII, HISTONE H4 TYPE VIII,
PREDICTED: LOW QUALITY PROTEIN: histone H4-like, HISTONE H4-LIKE,
"PREDICTED: N-acetylmuramoyl-L-alanine amidase-like, partial", N-ACETYLMURAMOYL-L-ALANINE AMIDASE-LIKE,
PREDICTED: natterin-4-like, NATTERIN-4-LIKE,
PREDICTED: non-specific lipid-transfer protein-like isoform X1;PREDICTED: non-specific lipid-transfer protein-like isoform X2, NON-SPECIFIC LIPID-TRANSFER PROTEIN-LIKE ISOFORM X1,
PREDICTED: ovoinhibitor-like, OVOINHIBITOR-LIKE,
PREDICTED: ovomucoid-like, OVOMUCOID-LIKE,
PREDICTED: ovotransferrin-like, OVOTRANSFERRIN-LIKE,
PREDICTED: protein NEL, PROTEIN NEL,
PREDICTED: serine protease inhibitor 2.1-like, SERINE PROTEASE INHIBITOR 21-LIKE,
"PREDICTED: uncharacterized protein LOC104073092, partial", UNCHARACTERIZED PROTEIN LOC104073092,
PREDICTED: uncharacterized protein LOC104081215, UNCHARACTERIZED PROTEIN LOC104081215,
PREDICTED: uncharacterized protein LOC104082729, UNCHARACTERIZED PROTEIN LOC104082729,
"PREDICTED: uncharacterized protein LOC104083372, partial", UNCHARACTERIZED PROTEIN LOC104083372,
PREDICTED: LOW QUALITY PROTEIN: vascular non-inflammatory molecule 3-like, VASCULAR NON-INFLAMMATORY MOLECULE 3-LIKE,
45 kDa calcium-binding protein;PREDICTED: 45 kDa calcium-binding protein,45 KDA CALCIUM-BINDING PROTEIN,
"Antimicrobial peptide THP2, partial;PREDICTED: antimicrobial peptide THP2-like, partial",ANTIMICROBIAL PEPTIDE THP2,
"C-factor, partial;PREDICTED: uncharacterized oxidoreductase C663.06c-like, partial",C-FACTOR,
"Clathrin heavy chain 1, partial;PREDICTED: LOW QUALITY PROTEIN: clathrin heavy chain 1",CLATHRIN HEAVY CHAIN 1,
"Complement C4, partial;PREDICTED: complement C4-like",COMPLEMENT C4,
"Digestive organ expansion factor, partial;PREDICTED: digestive organ expansion factor homolog, partial",DIGESTIVE ORGAN EXPANSION FACTOR,
Heat shock 70 kDa protein;PREDICTED: heat shock 70 kDa protein,HEAT SHOCK 70 KDA PROTEIN,
Heterochromatin-associated protein MENT;PREDICTED: heterochromatin-associated protein MENT-like,HETEROCHROMATIN-ASSOCIATED PROTEIN MENT,
hypothetical protein N327_00418;PREDICTED: ornithine decarboxylase,HYPOTHETICAL PROTEIN N327_00418,
"hypothetical protein N327_00580, partial;PREDICTED: thioredoxin-dependent peroxide reductase, mitochondrial, partial",HYPOTHETICAL PROTEIN N327_00580,
"hypothetical protein N327_00663, partial;PREDICTED: fumarate hydratase, mitochondrial, partial",HYPOTHETICAL PROTEIN N327_00663,
"hypothetical protein N327_00955, partial;PREDICTED: alpha-1-antitrypsin-like, partial",HYPOTHETICAL PROTEIN N327_00955,
"hypothetical protein N327_00956, partial;PREDICTED: alpha-1-antitrypsin-like",HYPOTHETICAL PROTEIN N327_00956,
"hypothetical protein N327_01160, partial;PREDICTED: dimethylglycine dehydrogenase, mitochondrial, partial",HYPOTHETICAL PROTEIN N327_01160,
"hypothetical protein N327_01310, partial;PREDICTED: keratin, type I cytoskeletal 12-like isoform X1;PREDICTED: keratin, type I cytoskeletal 12-like isoform X2",HYPOTHETICAL PROTEIN N327_01310,
"hypothetical protein N327_01342, partial;PREDICTED: ATP synthase subunit alpha, mitochondrial, partial",HYPOTHETICAL PROTEIN N327_01342,
"hypothetical protein N327_01901, partial",HYPOTHETICAL PROTEIN N327_01901,
"hypothetical protein N327_02245;PREDICTED: 60 kDa heat shock protein, mitochondrial",HYPOTHETICAL PROTEIN N327_02245,
"hypothetical protein N327_04183, partial",HYPOTHETICAL PROTEIN N327_04183,
"hypothetical protein N327_04650;PREDICTED: ES1 protein homolog, mitochondrial-like",HYPOTHETICAL PROTEIN N327_04650,
"hypothetical protein N327_04818, partial;PREDICTED: DNA-directed RNA polymerase, mitochondrial, partial",HYPOTHETICAL PROTEIN N327_04818,
"hypothetical protein N327_04853, partial;PREDICTED: malate dehydrogenase, mitochondrial, partial",HYPOTHETICAL PROTEIN N327_04853,
"hypothetical protein N327_05498, partial;PREDICTED: protein AMBP, partial",HYPOTHETICAL PROTEIN N327_05498,
"hypothetical protein N327_07227, partial",HYPOTHETICAL PROTEIN N327_07227,
"hypothetical protein N327_07862, partial",HYPOTHETICAL PROTEIN N327_07862,
"hypothetical protein N327_08272, partial;PREDICTED: 10 kDa heat shock protein, mitochondrial, partial",HYPOTHETICAL PROTEIN N327_08272,
"hypothetical protein N327_09809;PREDICTED: ATP synthase subunit d, mitochondrial isoform X1;PREDICTED: ATP synthase subunit d, mitochondrial isoform X2",HYPOTHETICAL PROTEIN N327_09809,
"hypothetical protein N327_10279, partial;PREDICTED: complement component 1 Q subcomponent-binding protein, mitochondrial, partial",HYPOTHETICAL PROTEIN N327_10279,
"hypothetical protein N327_10538, partial;PREDICTED: superoxide dismutase",HYPOTHETICAL PROTEIN N327_10538,
"hypothetical protein N327_10676, partial;PREDICTED: hepatitis A virus cellular receptor 2",HYPOTHETICAL PROTEIN N327_10676,
"hypothetical protein N327_11430, partial;PREDICTED: prostaglandin E synthase 3",HYPOTHETICAL PROTEIN N327_11430,
"hypothetical protein N327_12157, partial;PREDICTED: proteasome subunit beta type-4, partial",HYPOTHETICAL PROTEIN N327_12157,
"hypothetical protein N327_12609, partial",HYPOTHETICAL PROTEIN N327_12609,
"hypothetical protein N327_12640, partial;PREDICTED: reelin-like, partial",HYPOTHETICAL PROTEIN N327_12640,
"hypothetical protein N327_13084, partial;PREDICTED: collagen alpha-2(I) chain",HYPOTHETICAL PROTEIN N327_13084,
"hypothetical protein N327_13750, partial;PREDICTED: mannosyl-oligosaccharide 1,2-alpha-mannosidase IA-like, partial",HYPOTHETICAL PROTEIN N327_13750,
"Keratin, type II cytoskeletal cochleal, partial;PREDICTED: keratin, type II cytoskeletal cochleal",KERATIN TYPE II CYTOSKELETAL COCHLEAL,
"Myeloid protein 1, partial;PREDICTED: myeloid protein 1-like",MYELOID PROTEIN 1,
"Myosin light chain, embryonic, partial;PREDICTED: myosin light chain 4",MYOSIN LIGHT CHAIN EMBRYONIC,
"Myosin-3, partial;PREDICTED: LOW QUALITY PROTEIN: myosin-3-like, partial;PREDICTED: myosin-3-like, partial;PREDICTED: myosin heavy chain, skeletal muscle-like, partial",MYOSIN-3,
"Nucleoside diphosphate kinase, partial;PREDICTED: nucleoside diphosphate kinase",NUCLEOSIDE DIPHOSPHATE KINASE,
"Ovocalyxin-32, partial;PREDICTED: retinoic acid receptor responder protein 1",OVOCALYXIN-32,
"Ovostatin, partial;PREDICTED: ovostatin-like",OVOSTATIN,
"Parvalbumin, thymic;PREDICTED: parvalbumin, thymic",PARVALBUMIN THYMIC,
"Plasma kallikrein, partial;PREDICTED: plasma kallikrein-like, partial",PLASMA KALLIKREIN,
"Protein 4.1, partial;PREDICTED: protein 4.1-like, partial",PROTEIN 41,
"Protein MRP-126, partial;PREDICTED: protein MRP-126-like",PROTEIN MRP-126,
"Protein-cysteine N-palmitoyltransferase HHAT, partial;PREDICTED: protein-cysteine N-palmitoyltransferase HHAT, partial",PROTEIN-CYSTEINE N-PALMITOYLTRANSFERASE HHAT,
"putative ATP-dependent RNA helicase DDX5, partial;PREDICTED: probable ATP-dependent RNA helicase DDX5, partial;PREDICTED: probable ATP-dependent RNA helicase DDX17, partial",PUTATIVE ATP-DEPENDENT RNA HELICASE DDX5,
"Ribonuclease UK114, partial",RIBONUCLEASE UK114,
"Ribose-phosphate pyrophosphokinase 2, partial;PREDICTED: ribose-phosphate pyrophosphokinase 2",RIBOSE-PHOSPHATE PYROPHOSPHOKINASE 2,
"Ribose-phosphate pyrophosphokinase 2, partial",RIBOSE-PHOSPHATE PYROPHOSPHOKINASE 2,
"Uncharacterized protein KIAA0247, partial;PREDICTED: uncharacterized protein KIAA0247 homolog, partial",UNCHARACTERIZED PROTEIN KIAA0247,
